ID_plot,transect,type,cover,height
554515,1,shrubs,15,1.7
554515,1,shrubs,20,1.3
554515,2,shrubs,5,0.5
554515,2,shrubs,15,0.6
554515,3,shrubs,40,0.4
554515,3,shrubs,30,1
554515,4,shrubs,30,1.2
554515,4,shrubs,15,0.6
554515,1,herbs,5,0.2
554515,1,herbs,10,0.12
554515,2,herbs,70,0.15
554515,2,herbs,90,0.05
554515,3,herbs,30,0.07
554515,3,herbs,45,0.05
554515,4,herbs,80,0.2
554515,4,herbs,40,0.2
554515,1,shrubs_dead,0,0
554515,1,shrubs_dead,0,0
554515,2,shrubs_dead,0,0
554515,2,shrubs_dead,5,1.2
554515,3,shrubs_dead,15,0.5
554515,3,shrubs_dead,0,0
554515,4,shrubs_dead,10,0.5
554515,4,shrubs_dead,0,0
554511,1,shrubs,30,1.5
554511,1,shrubs,0,0
554511,2,shrubs,65,1.9
554511,2,shrubs,15,0.6
554511,3,shrubs,0,0
554511,3,shrubs,30,1.2
554511,4,shrubs,5,0.2
554511,4,shrubs,40,0.7
554511,1,herbs,40,0.08
554511,1,herbs,30,0.12
554511,2,herbs,25,0.05
554511,2,herbs,70,0.1
554511,3,herbs,5,0.15
554511,3,herbs,10,0.2
554511,4,herbs,8,0.1
554511,4,herbs,5,0.07
554511,1,shrubs_dead,0,0
554511,1,shrubs_dead,0,0
554511,2,shrubs_dead,10,1.2
554511,2,shrubs_dead,0,0
554511,3,shrubs_dead,0,0
554511,3,shrubs_dead,0,0
554511,4,shrubs_dead,0,0
554511,4,shrubs_dead,0,0
556310,1,shrubs,40,1.7
556310,1,shrubs,30,1.8
556310,2,shrubs,30,1.1
556310,2,shrubs,20,1.3
556310,3,shrubs,10,0.6
556310,3,shrubs,0,0
556310,4,shrubs,30,1.7
556310,4,shrubs,30,1.5
556310,1,herbs,70,0.25
556310,1,herbs,60,0.25
556310,2,herbs,70,0.25
556310,2,herbs,65,0.25
556310,3,herbs,15,0.2
556310,3,herbs,10,0.2
556310,4,herbs,60,0.25
556310,4,herbs,65,0.2
556310,1,shrubs_dead,0,0
556310,1,shrubs_dead,0,0
556310,2,shrubs_dead,0,0
556310,2,shrubs_dead,0,0
556310,3,shrubs_dead,0,0
556310,3,shrubs_dead,0,0
556310,4,shrubs_dead,0,0
556310,4,shrubs_dead,0,0
554310,1,shrubs,15,1.3
554310,1,shrubs,10,1.4
554310,2,shrubs,0,0
554310,2,shrubs,0,0
554310,3,shrubs,70,1.9
554310,3,shrubs,0,0
554310,4,shrubs,5,0.4
554310,4,shrubs,1,0.9
554310,1,herbs,80,0.15
554310,1,herbs,70,0.15
554310,2,herbs,10,0.3
554310,2,herbs,80,0.12
554310,3,herbs,30,0.3
554310,3,herbs,70,0.05
554310,4,herbs,60,0.2
554310,4,herbs,30,0.25
554310,1,shrubs_dead,0,0
554310,1,shrubs_dead,0,0
554310,2,shrubs_dead,20,0.5
554310,2,shrubs_dead,0,0
554310,3,shrubs_dead,0,0
554310,3,shrubs_dead,0,0
554310,4,shrubs_dead,0,0
554310,4,shrubs_dead,0,0
554305,1,shrubs,20,1
554305,1,shrubs,35,1.8
554305,2,shrubs,10,1.4
554305,2,shrubs,0,0
554305,3,shrubs,10,1.7
554305,3,shrubs,0,0
554305,4,shrubs,25,1.2
554305,4,shrubs,0,0
554305,1,herbs,10,0.2
554305,1,herbs,15,0.1
554305,2,herbs,0,0
554305,2,herbs,30,0.2
554305,3,herbs,20,0.15
554305,3,herbs,10,0.15
554305,4,herbs,40,0.3
554305,4,herbs,40,0.45
554305,1,shrubs_dead,0,0
554305,1,shrubs_dead,0,0
554305,2,shrubs_dead,0,0
554305,2,shrubs_dead,5,1.9
554305,3,shrubs_dead,0,0
554305,3,shrubs_dead,0,0
554305,4,shrubs_dead,0,0
554305,4,shrubs_dead,10,1.8
552608,1,shrubs,0,0
552608,1,shrubs,25,1.6
552608,2,shrubs,0,0
552608,2,shrubs,0,0
552608,3,shrubs,0,0
552608,3,shrubs,0,0
552608,4,shrubs,100,0
552608,4,shrubs,60,0
552608,1,herbs,0,0
552608,1,herbs,20,0.15
552608,2,herbs,55,0.24
552608,2,herbs,30,0.2
552608,3,herbs,5,0.3
552608,3,herbs,20,0.2
552608,4,herbs,10,0.2
552608,4,herbs,35,0.3
552608,1,shrubs_dead,15,1.6
552608,1,shrubs_dead,10,0.6
552608,2,shrubs_dead,60,1.8
552608,2,shrubs_dead,30,1.5
552608,3,shrubs_dead,25,1.4
552608,3,shrubs_dead,20,1.3
552608,4,shrubs_dead,0,0
552608,4,shrubs_dead,0,0
550804,1,shrubs,0,0
550804,1,shrubs,25,1.3
550804,2,shrubs,45,1.6
550804,2,shrubs,5,1.1
550804,3,shrubs,0,0
550804,3,shrubs,5,0.3
550804,4,shrubs,20,0.45
550804,4,shrubs,0,0
550804,1,herbs,95,0.3
550804,1,herbs,90,0.25
550804,2,herbs,85,0.3
550804,2,herbs,100,0.45
550804,3,herbs,95,0.35
550804,3,herbs,45,0.2
550804,4,herbs,80,0.05
550804,4,herbs,0,0
550804,1,shrubs_dead,0,0
550804,1,shrubs_dead,10,1.2
550804,2,shrubs_dead,0,0
550804,2,shrubs_dead,0,0
550804,3,shrubs_dead,0,0
550804,3,shrubs_dead,0,0
550804,4,shrubs_dead,0,0
550804,4,shrubs_dead,0,0
550803,1,shrubs,0,0
550803,1,shrubs,55,1.1
550803,2,shrubs,0,0
550803,2,shrubs,0,0
550803,3,shrubs,5,1.8
550803,3,shrubs,0,0
550803,4,shrubs,35,1.5
550803,4,shrubs,30,0.5
550803,1,herbs,100,0.3
550803,1,herbs,95,0.27
550803,2,herbs,95,0.25
550803,2,herbs,100,0.3
550803,3,herbs,100,0.25
550803,3,herbs,100,0.3
550803,4,herbs,90,0.23
550803,4,herbs,60,0.3
550803,1,shrubs_dead,0,0
550803,1,shrubs_dead,0,0
550803,2,shrubs_dead,0,0
550803,2,shrubs_dead,0,0
550803,3,shrubs_dead,0,0
550803,3,shrubs_dead,0,0
550803,4,shrubs_dead,0,0
550803,4,shrubs_dead,0,0
550705,1,shrubs,20,1.8
550705,1,shrubs,0,0
550705,2,shrubs,0,0
550705,2,shrubs,25,1.6
550705,3,shrubs,45,1.9
550705,3,shrubs,20,1.1
550705,4,shrubs,10,1.6
550705,4,shrubs,20,0.5
550705,1,herbs,80,0.15
550705,1,herbs,80,0.1
550705,2,herbs,50,0.15
550705,2,herbs,100,0.1
550705,3,herbs,45,0.1
550705,3,herbs,90,0.1
550705,4,herbs,90,0.1
550705,4,herbs,20,0.1
550705,1,shrubs_dead,0,1
550705,1,shrubs_dead,10,1.7
550705,2,shrubs_dead,20,1.8
550705,2,shrubs_dead,0,0
550705,3,shrubs_dead,0,0
550705,3,shrubs_dead,5,1.6
550705,4,shrubs_dead,60,1.9
550705,4,shrubs_dead,0,1
550707,1,shrubs,0,0
550707,1,shrubs,20,1.6
550707,2,shrubs,0,0
550707,2,shrubs,0,0
550707,3,shrubs,0,0
550707,3,shrubs,0,0
550707,4,shrubs,0,0
550707,4,shrubs,0,0
550707,1,herbs,70,0.2
550707,1,herbs,65,0.2
550707,2,herbs,80,0.1
550707,2,herbs,50,0.1
550707,3,herbs,80,0.1
550707,3,herbs,20,0.1
550707,4,herbs,15,0.15
550707,4,herbs,0,0
550707,1,shrubs_dead,0,0
550707,1,shrubs_dead,0,0
550707,2,shrubs_dead,0,0
550707,2,shrubs_dead,0,0
550707,3,shrubs_dead,0,0
550707,3,shrubs_dead,0,0
550707,4,shrubs_dead,0,0
550707,4,shrubs_dead,20,1.5
549013,1,shrubs,0,0
549013,1,shrubs,0,0
549013,2,shrubs,20,1.5
549013,2,shrubs,0,0
549013,3,shrubs,0,0
549013,3,shrubs,0,0
549013,4,shrubs,30,2
549013,4,shrubs,0,0
549013,1,herbs,0,0
549013,1,herbs,1,0.1
549013,2,herbs,30,0.06
549013,2,herbs,5,0.3
549013,3,herbs,15,0.18
549013,3,herbs,15,0.15
549013,4,herbs,0,0
549013,4,herbs,0,0
549013,1,shrubs_dead,0,1
549013,1,shrubs_dead,10,1.3
549013,2,shrubs_dead,0,0
549013,2,shrubs_dead,0,0
549013,3,shrubs_dead,0,0
549013,3,shrubs_dead,0,0
549013,4,shrubs_dead,0,0
549013,4,shrubs_dead,0,0
550604,1,shrubs,80,2
550604,1,shrubs,30,1.7
550604,2,shrubs,35,1.8
550604,2,shrubs,90,2
550604,3,shrubs,65,1.8
550604,3,shrubs,0,0
550604,4,shrubs,25,1.7
550604,4,shrubs,80,1.9
550604,1,herbs,0,0
550604,1,herbs,0,0
550604,2,herbs,45,0.11
550604,2,herbs,2,0.09
550604,3,herbs,45,0.15
550604,3,herbs,10,0.15
550604,4,herbs,5,0.15
550604,4,herbs,0,0
550604,1,shrubs_dead,0,1
550604,1,shrubs_dead,20,1.6
550604,2,shrubs_dead,0,1
550604,2,shrubs_dead,30,1.2
550604,3,shrubs_dead,45,1.7
550604,3,shrubs_dead,90,1.8
550604,4,shrubs_dead,0,1
550604,4,shrubs_dead,20,1.1
550502,1,shrubs,0,0
550502,1,shrubs,30,1.5
550502,2,shrubs,15,1.4
550502,2,shrubs,0,0
550502,3,shrubs,0,0
550502,3,shrubs,0,0
550502,4,shrubs,80,1.9
550502,4,shrubs,2,2
550502,1,herbs,70,0.23
550502,1,herbs,15,0.2
550502,2,herbs,30,0.3
550502,2,herbs,95,0.08
550502,3,herbs,0,0
550502,3,herbs,10,0.15
550502,4,herbs,10,0.07
550502,4,herbs,90,0.18
550502,1,shrubs_dead,0,0
550502,1,shrubs_dead,0,0
550502,2,shrubs_dead,0,0
550502,2,shrubs_dead,0,0
550502,3,shrubs_dead,0,0
550502,3,shrubs_dead,5,1.3
550502,4,shrubs_dead,0,0
550502,4,shrubs_dead,0,0
550607,1,shrubs,5,1.1
550607,1,shrubs,0,0
550607,2,shrubs,0,1.8
550607,2,shrubs,70,2
550607,3,shrubs,45,1.6
550607,3,shrubs,0,0
550607,4,shrubs,0,0
550607,4,shrubs,35,1.75
550607,1,herbs,30,0.26
550607,1,herbs,45,0.18
550607,2,herbs,30,0.25
550607,2,herbs,60,0.1
550607,3,herbs,80,0.32
550607,3,herbs,15,0.3
550607,4,herbs,2,0.17
550607,4,herbs,70,0.39
550607,1,shrubs_dead,0,1
550607,1,shrubs_dead,20,1.8
550607,2,shrubs_dead,35,1.6
550607,2,shrubs_dead,25,1.8
550607,3,shrubs_dead,20,1.8
550607,3,shrubs_dead,15,1.6
550607,4,shrubs_dead,15,2
550607,4,shrubs_dead,0,1
550404,1,shrubs,0,0
550404,1,shrubs,10,1.7
550404,2,shrubs,7,2
550404,2,shrubs,30,2
550404,3,shrubs,25,0.7
550404,3,shrubs,10,0.7
550404,4,shrubs,0,0
550404,4,shrubs,0,0
550404,1,herbs,10,0.13
550404,1,herbs,25,0.2
550404,2,herbs,2,0.05
550404,2,herbs,1,0.04
550404,3,herbs,1,0.03
550404,3,herbs,2,0.31
550404,4,herbs,7,0.15
550404,4,herbs,3,0.04
550404,1,shrubs_dead,20,1.5
550404,1,shrubs_dead,20,1.5
550404,2,shrubs_dead,80,1.5
550404,2,shrubs_dead,30,1.9
550404,3,shrubs_dead,15,1.6
550404,3,shrubs_dead,30,1.8
550404,4,shrubs_dead,40,1.6
550404,4,shrubs_dead,30,1.8
550409,1,shrubs,0,0
550409,1,shrubs,0,0
550409,2,shrubs,5,0.3
550409,2,shrubs,20,1.6
550409,3,shrubs,2,0.3
550409,3,shrubs,0,0
550409,4,shrubs,45,1.4
550409,4,shrubs,20,1.3
550409,1,herbs,2,0.04
550409,1,herbs,0,0
550409,2,herbs,0,0
550409,2,herbs,5,0.3
550409,3,herbs,5,0.06
550409,3,herbs,1,0.04
550409,4,herbs,0,0
550409,4,herbs,30,0.15
550409,1,shrubs_dead,0,0
550409,1,shrubs_dead,0,0
550409,2,shrubs_dead,0,0
550409,2,shrubs_dead,10,1.3
550409,3,shrubs_dead,0,1
550409,3,shrubs_dead,10,1.3
550409,4,shrubs_dead,0,0
550409,4,shrubs_dead,0,0
552104,1,shrubs,10,1.4
552104,1,shrubs,0,0
552104,2,shrubs,20,1.2
552104,2,shrubs,20,0.5
552104,3,shrubs,25,1.3
552104,3,shrubs,45,1.5
552104,4,shrubs,0,0
552104,4,shrubs,0,0
552104,1,herbs,35,0.34
552104,1,herbs,25,0.3
552104,2,herbs,60,0.35
552104,2,herbs,90,0.4
552104,3,herbs,60,0.25
552104,3,herbs,30,0.2
552104,4,herbs,95,0.26
552104,4,herbs,95,0.3
552104,1,shrubs_dead,0,0
552104,1,shrubs_dead,0,0
552104,2,shrubs_dead,0,0
552104,2,shrubs_dead,0,0
552104,3,shrubs_dead,0,0
552104,3,shrubs_dead,0,0
552104,4,shrubs_dead,0,0
552104,4,shrubs_dead,0,0
553905,1,shrubs,0,0
553905,1,shrubs,55,1.7
553905,2,shrubs,20,1.3
553905,2,shrubs,0,0
553905,3,shrubs,15,1
553905,3,shrubs,0,0
553905,4,shrubs,25,1
553905,4,shrubs,45,2
553905,1,herbs,10,0.35
553905,1,herbs,25,0.3
553905,2,herbs,10,0.3
553905,2,herbs,55,0.25
553905,3,herbs,40,0.3
553905,3,herbs,30,0.22
553905,4,herbs,15,0.17
553905,4,herbs,10,0.18
553905,1,shrubs_dead,20,1.5
553905,1,shrubs_dead,10,1.6
553905,2,shrubs_dead,0,1
553905,2,shrubs_dead,10,1.3
553905,3,shrubs_dead,0,0
553905,3,shrubs_dead,0,0
553905,4,shrubs_dead,2,1.6
553905,4,shrubs_dead,5,1.4
553911,4,shrubs,20,1.4
553911,1,shrubs,45,1.6
553911,1,shrubs,30,1.2
553911,2,shrubs,20,1.6
553911,2,shrubs,35,1.8
553911,3,shrubs,45,1.9
553911,3,shrubs,75,2
553911,4,shrubs,80,2
553911,4,herbs,90,0.27
553911,1,herbs,75,0.1
553911,1,herbs,25,0.15
553911,2,herbs,50,0.2
553911,2,herbs,60,0.17
553911,3,herbs,5,0.13
553911,3,herbs,75,0.12
553911,4,herbs,95,0.35
553911,4,shrubs_dead,0,0
553911,1,shrubs_dead,0,0
553911,1,shrubs_dead,0,0
553911,2,shrubs_dead,0,0
553911,2,shrubs_dead,0,0
553911,3,shrubs_dead,0,0
553911,3,shrubs_dead,0,0
553911,4,shrubs_dead,30,1.8
553909,1,shrubs,5,1.3
553909,1,shrubs,50,1.7
553909,2,shrubs,30,1.4
553909,2,shrubs,0,0
553909,3,shrubs,0,0
553909,3,shrubs,5,1.5
553909,4,shrubs,20,0.6
553909,4,shrubs,35,1.6
553909,1,herbs,90,0.21
553909,1,herbs,70,0.15
553909,2,herbs,20,0.2
553909,2,herbs,35,0.15
553909,3,herbs,0,0
553909,3,herbs,15,0.14
553909,4,herbs,75,0.08
553909,4,herbs,60,0.15
553909,1,shrubs_dead,0,0
553909,1,shrubs_dead,0,0
553909,2,shrubs_dead,0,0
553909,2,shrubs_dead,0,0
553909,3,shrubs_dead,0,0
553909,3,shrubs_dead,15,1.8
553909,4,shrubs_dead,0,0
553909,4,shrubs_dead,0,0
529505,1,shrubs,10,0.8
529505,1,shrubs,0,0
529505,2,shrubs,0,0
529505,2,shrubs,25,1.2
529505,3,shrubs,0,0
529505,3,shrubs,0,0
529505,4,shrubs,2,1.6
529505,4,shrubs,10,1.5
529505,1,herbs,0,0
529505,1,herbs,0,0
529505,2,herbs,90,0.1
529505,2,herbs,80,0.2
529505,3,herbs,0,0
529505,3,herbs,2,0.15
529505,4,herbs,35,0.24
529505,4,herbs,0,0
529505,1,shrubs_dead,2,2
529505,1,shrubs_dead,5,1
529505,2,shrubs_dead,0,0
529505,2,shrubs_dead,0,0
529505,3,shrubs_dead,1,2
529505,3,shrubs_dead,25,1.9
529505,4,shrubs_dead,0,0
529505,4,shrubs_dead,0,0
528103,1,shrubs,20,1.85
528103,1,shrubs,0,0
528103,2,shrubs,75,1.9
528103,2,shrubs,5,0.8
528103,3,shrubs,40,1.5
528103,3,shrubs,45,1.6
528103,4,shrubs,0,0
528103,4,shrubs,45,0.6
528103,1,herbs,30,0.25
528103,1,herbs,20,0.22
528103,2,herbs,1,0.17
528103,2,herbs,0,0
528103,3,herbs,30,0.26
528103,3,herbs,1,0.15
528103,4,herbs,0,0
528103,4,herbs,0,0
528103,1,shrubs_dead,0,1
528103,1,shrubs_dead,5,1.4
528103,2,shrubs_dead,0,0
528103,2,shrubs_dead,0,0
528103,3,shrubs_dead,0,0
528103,3,shrubs_dead,1,2
528103,4,shrubs_dead,0,0
528103,4,shrubs_dead,0,0
528105,1,shrubs,45,1.6
528105,1,shrubs,5,1.5
528105,2,shrubs,20,1.3
528105,2,shrubs,30,1.9
528105,3,shrubs,20,1.3
528105,3,shrubs,90,1.9
528105,4,shrubs,75,1.5
528105,4,shrubs,70,2
528105,1,herbs,25,0.4
528105,1,herbs,85,0.45
528105,2,herbs,35,0.5
528105,2,herbs,60,0.4
528105,3,herbs,70,0.2
528105,3,herbs,5,0.05
528105,4,herbs,25,0.15
528105,4,herbs,80,0.15
528105,1,shrubs_dead,0,0
528105,1,shrubs_dead,0,0
528105,2,shrubs_dead,0,0
528105,2,shrubs_dead,5,1.5
528105,3,shrubs_dead,0,1
528105,3,shrubs_dead,10,1.6
528105,4,shrubs_dead,0,0
528105,4,shrubs_dead,0,0
529513,1,shrubs,1,1.6
529513,1,shrubs,0,0
529513,2,shrubs,25,1.6
529513,2,shrubs,1,1.5
529513,3,shrubs,0,0
529513,3,shrubs,5,1.7
529513,4,shrubs,0,0
529513,4,shrubs,0,0
529513,1,herbs,0,0
529513,1,herbs,5,0.17
529513,2,herbs,2,0.15
529513,2,herbs,1,0.13
529513,3,herbs,25,0.5
529513,3,herbs,1,0.15
529513,4,herbs,0,0
529513,4,herbs,0,0
529513,1,shrubs_dead,30,2
529513,1,shrubs_dead,10,1.8
529513,2,shrubs_dead,70,2
529513,2,shrubs_dead,0,0
529513,3,shrubs_dead,80,1.9
529513,3,shrubs_dead,60,1.9
529513,4,shrubs_dead,40,2
529513,4,shrubs_dead,10,2
529602,1,shrubs,80,1.1
529602,1,shrubs,20,0.6
529602,2,shrubs,15,0.9
529602,2,shrubs,30,1.6
529602,3,shrubs,80,3
529602,3,shrubs,30,1.9
529602,4,shrubs,90,1.9
529602,4,shrubs,20,0.8
529602,1,herbs,50,0.2
529602,1,herbs,40,0.45
529602,2,herbs,25,0.35
529602,2,herbs,95,0.3
529602,3,herbs,20,0.34
529602,3,herbs,100,0.3
529602,4,herbs,90,0.35
529602,4,herbs,100,0.32
529602,1,shrubs_dead,0,1
529602,1,shrubs_dead,10,1.6
529602,2,shrubs_dead,10,0.5
529602,2,shrubs_dead,0,0
529602,3,shrubs_dead,0,0
529602,3,shrubs_dead,0,0
529602,4,shrubs_dead,0,0
529602,4,shrubs_dead,0,0
528306,1,shrubs,45,1.1
528306,1,shrubs,25,1.2
528306,2,shrubs,15,1.8
528306,2,shrubs,100,0.6
528306,3,shrubs,35,2
528306,3,shrubs,0,0
528306,4,shrubs,0,0
528306,4,shrubs,0,0
528306,1,herbs,40,0.32
528306,1,herbs,80,0.45
528306,2,herbs,30,0.9
528306,2,herbs,0,0
528306,3,herbs,70,0.38
528306,3,herbs,60,0.3
528306,4,herbs,95,0.45
528306,4,herbs,90,0.24
528306,1,shrubs_dead,0,0
528306,1,shrubs_dead,0,0
528306,2,shrubs_dead,0,0
528306,2,shrubs_dead,0,0
528306,3,shrubs_dead,0,0
528306,3,shrubs_dead,0,0
528306,4,shrubs_dead,0,0
528306,4,shrubs_dead,0,0
528309,1,shrubs,10,1.8
528309,1,shrubs,20,1.9
528309,2,shrubs,5,0.8
528309,2,shrubs,0,0
528309,3,shrubs,15,2
528309,3,shrubs,5,1.4
528309,4,shrubs,0,0
528309,4,shrubs,20,1.5
528309,1,herbs,95,0.32
528309,1,herbs,95,0.3
528309,2,herbs,100,0.34
528309,2,herbs,85,0.33
528309,3,herbs,60,0.24
528309,3,herbs,45,0.33
528309,4,herbs,80,0.38
528309,4,herbs,75,0.31
528309,1,shrubs_dead,5,1.8
528309,1,shrubs_dead,0,0
528309,2,shrubs_dead,0,0
528309,2,shrubs_dead,0,0
528309,3,shrubs_dead,20,1.6
528309,3,shrubs_dead,0,0
528309,4,shrubs_dead,0,0
528309,4,shrubs_dead,0,0
528409,1,shrubs,30,1.4
528409,1,shrubs,20,1.5
528409,2,shrubs,0,0
528409,2,shrubs,75,2
528409,3,shrubs,70,2
528409,3,shrubs,15,1.9
528409,4,shrubs,15,1.7
528409,4,shrubs,0,0
528409,1,herbs,0,0
528409,1,herbs,0,0
528409,2,herbs,10,0.15
528409,2,herbs,0,0
528409,3,herbs,2,0.13
528409,3,herbs,1,0.08
528409,4,herbs,10,0.12
528409,4,herbs,0,0
528409,1,shrubs_dead,0,0
528409,1,shrubs_dead,0,0
528409,2,shrubs_dead,0,0
528409,2,shrubs_dead,0,0
528409,3,shrubs_dead,0,0
528409,3,shrubs_dead,0,0
528409,4,shrubs_dead,0,0
528409,4,shrubs_dead,0,0
528303,1,shrubs,15,2
528303,1,shrubs,20,1
528303,2,shrubs,0,0
528303,2,shrubs,0,0
528303,3,shrubs,5,2
528303,3,shrubs,5,1.5
528303,4,shrubs,5,1.7
528303,4,shrubs,30,2
528303,1,herbs,20,0.15
528303,1,herbs,15,0.1
528303,2,herbs,70,0.75
528303,2,herbs,45,0.35
528303,3,herbs,35,0.26
528303,3,herbs,45,0.4
528303,4,herbs,88,0.55
528303,4,herbs,95,0.4
528303,1,shrubs_dead,0,0
528303,1,shrubs_dead,0,0
528303,2,shrubs_dead,0,0
528303,2,shrubs_dead,0,0
528303,3,shrubs_dead,0,0
528303,3,shrubs_dead,10,1.3
528303,4,shrubs_dead,0,0
528303,4,shrubs_dead,0,0
527003,1,shrubs,0,0
527003,1,shrubs,25,2
527003,2,shrubs,10,0.5
527003,2,shrubs,30,1.5
527003,3,shrubs,0,0
527003,3,shrubs,15,1.3
527003,4,shrubs,15,1.9
527003,4,shrubs,0,0
527003,1,herbs,45,0.16
527003,1,herbs,45,0.2
527003,2,herbs,25,0.25
527003,2,herbs,30,0.22
527003,3,herbs,20,0.2
527003,3,herbs,90,0.6
527003,4,herbs,25,0.3
527003,4,herbs,5,0.06
527003,1,shrubs_dead,5,1.8
527003,1,shrubs_dead,0,0
527003,2,shrubs_dead,0,0
527003,2,shrubs_dead,0,0
527003,3,shrubs_dead,15,0.5
527003,3,shrubs_dead,0,0
527003,4,shrubs_dead,0,0
527003,4,shrubs_dead,10,1.1
526908,1,shrubs,0,0
526908,1,shrubs,60,2
526908,2,shrubs,20,1.3
526908,2,shrubs,0,0
526908,3,shrubs,10,1.9
526908,3,shrubs,30,1.9
526908,4,shrubs,5,0.45
526908,4,shrubs,15,2
526908,1,herbs,90,0.4
526908,1,herbs,10,0.08
526908,2,herbs,80,0.35
526908,2,herbs,75,0.32
526908,3,herbs,80,0.45
526908,3,herbs,95,0.37
526908,4,herbs,95,0.32
526908,4,herbs,80,0.5
526908,1,shrubs_dead,0,0
526908,1,shrubs_dead,0,0
526908,2,shrubs_dead,0,0
526908,2,shrubs_dead,0,0
526908,3,shrubs_dead,0,0
526908,3,shrubs_dead,0,0
526908,4,shrubs_dead,0,0
526908,4,shrubs_dead,0,0
536802,1,shrubs,1,0.45
536802,1,shrubs,10,1.5
536802,2,shrubs,15,1.2
536802,2,shrubs,0,0
536802,3,shrubs,0,0
536802,3,shrubs,1,0.4
536802,4,shrubs,35,0.9
536802,4,shrubs,5,0.2
536802,1,herbs,85,0.29
536802,1,herbs,35,0.3
536802,2,herbs,10,0.1
536802,2,herbs,45,0.3
536802,3,herbs,10,0.23
536802,3,herbs,35,0.34
536802,4,herbs,30,0.35
536802,4,herbs,25,0.21
536802,1,shrubs_dead,0,0
536802,1,shrubs_dead,0,0
536802,2,shrubs_dead,0,0
536802,2,shrubs_dead,0,0
536802,3,shrubs_dead,0,0
536802,3,shrubs_dead,0,0
536802,4,shrubs_dead,0,0
536802,4,shrubs_dead,0,0
525704,1,shrubs,40,1.6
525704,1,shrubs,25,1.7
525704,2,shrubs,30,1.8
525704,2,shrubs,5,1.3
525704,3,shrubs,90,1.7
525704,3,shrubs,0,0
525704,4,shrubs,25,1.6
525704,4,shrubs,0,0
525704,1,herbs,15,0.25
525704,1,herbs,5,0.1
525704,2,herbs,1,0.22
525704,2,herbs,15,0.25
525704,3,herbs,0,0
525704,3,herbs,0,0
525704,4,herbs,0,0
525704,4,herbs,0,0
525704,1,shrubs_dead,0,1
525704,1,shrubs_dead,15,1.8
525704,2,shrubs_dead,10,1.9
525704,2,shrubs_dead,10,2
525704,3,shrubs_dead,0,1
525704,3,shrubs_dead,20,2
525704,4,shrubs_dead,5,2
525704,4,shrubs_dead,5,1.3
525701,1,shrubs,0,0
525701,1,shrubs,0,0
525701,2,shrubs,45,1.1
525701,2,shrubs,0,0
525701,3,shrubs,0,0
525701,3,shrubs,15,0.9
525701,4,shrubs,5,1.5
525701,4,shrubs,0,0
525701,1,herbs,0,0
525701,1,herbs,25,0.04
525701,2,herbs,0,0
525701,2,herbs,10,0.2
525701,3,herbs,10,0.2
525701,3,herbs,0,0
525701,4,herbs,0,0
525701,4,herbs,15,0.24
525701,1,shrubs_dead,0,0
525701,1,shrubs_dead,0,0
525701,2,shrubs_dead,0,0
525701,2,shrubs_dead,0,0
525701,3,shrubs_dead,10,1.3
525701,3,shrubs_dead,0,0
525701,4,shrubs_dead,0,0
525701,4,shrubs_dead,0,0
526905,1,shrubs,0,0
526905,1,shrubs,5,1.7
526905,2,shrubs,10,1.4
526905,2,shrubs,5,0.45
526905,3,shrubs,5,1.6
526905,3,shrubs,30,1.5
526905,4,shrubs,50,1.4
526905,4,shrubs,0,0
526905,1,herbs,45,0.11
526905,1,herbs,20,0.15
526905,2,herbs,5,0.14
526905,2,herbs,10,0.06
526905,3,herbs,35,0.23
526905,3,herbs,45,0.27
526905,4,herbs,40,0.31
526905,4,herbs,10,0.27
526905,1,shrubs_dead,0,0
526905,1,shrubs_dead,0,0
526905,2,shrubs_dead,0,0
526905,2,shrubs_dead,0,0
526905,3,shrubs_dead,5,1.6
526905,3,shrubs_dead,0,0
526905,4,shrubs_dead,0,0
526905,4,shrubs_dead,0,0
527101,1,shrubs,0,0
527101,1,shrubs,0,0
527101,2,shrubs,45,2
527101,2,shrubs,20,1.7
527101,3,shrubs,0,0
527101,3,shrubs,5,0.9
527101,4,shrubs,15,1.6
527101,4,shrubs,90,1.9
527101,1,herbs,10,0.18
527101,1,herbs,20,0.15
527101,2,herbs,5,0.05
527101,2,herbs,1,0.04
527101,3,herbs,45,0.26
527101,3,herbs,10,0.15
527101,4,herbs,5,0.24
527101,4,herbs,2,0.05
527101,1,shrubs_dead,0,0
527101,1,shrubs_dead,0,0
527101,2,shrubs_dead,0,0
527101,2,shrubs_dead,0,0
527101,3,shrubs_dead,0,0
527101,3,shrubs_dead,0,0
527101,4,shrubs_dead,0,0
527101,4,shrubs_dead,0,0
527111,1,shrubs,0,0
527111,1,shrubs,15,0.9
527111,2,shrubs,20,0.8
527111,2,shrubs,15,2
527111,3,shrubs,0,0
527111,3,shrubs,30,1.7
527111,4,shrubs,0,0
527111,4,shrubs,10,1.8
527111,1,herbs,35,0.15
527111,1,herbs,20,0.24
527111,2,herbs,35,0.4
527111,2,herbs,15,0.2
527111,3,herbs,50,0.35
527111,3,herbs,20,0.25
527111,4,herbs,50,0.03
527111,4,herbs,30,0.18
527111,1,shrubs_dead,0,0
527111,1,shrubs_dead,0,0
527111,2,shrubs_dead,0,0
527111,2,shrubs_dead,0,0
527111,3,shrubs_dead,0,0
527111,3,shrubs_dead,20,1.3
527111,4,shrubs_dead,1,2
527111,4,shrubs_dead,0,1
528503,1,shrubs,55,2
528503,1,shrubs,10,1.3
528503,2,shrubs,0,0
528503,2,shrubs,40,1.3
528503,3,shrubs,0,0
528503,3,shrubs,5,0.1
528503,4,shrubs,0,0
528503,4,shrubs,5,1
528503,1,herbs,60,0.18
528503,1,herbs,40,0.15
528503,2,herbs,15,0.15
528503,2,herbs,0,0
528503,3,herbs,15,0.15
528503,3,herbs,5,0.1
528503,4,herbs,15,0.1
528503,4,herbs,20,0.1
528503,1,shrubs_dead,0,1
528503,1,shrubs_dead,5,1.3
528503,2,shrubs_dead,0,0
528503,2,shrubs_dead,0,0
528503,3,shrubs_dead,0,0
528503,3,shrubs_dead,0,0
528503,4,shrubs_dead,0,0
528503,4,shrubs_dead,0,0
529902,1,shrubs,30,0.3
529902,1,shrubs,10,1.5
529902,2,shrubs,90,1.9
529902,2,shrubs,20,1.2
529902,3,shrubs,20,1.4
529902,3,shrubs,60,1.9
529902,4,shrubs,15,1.7
529902,4,shrubs,85,1.8
529902,1,herbs,20,0.2
529902,1,herbs,40,0.28
529902,2,herbs,0,0
529902,2,herbs,10,0.05
529902,3,herbs,60,0.7
529902,3,herbs,10,0.17
529902,4,herbs,50,0.3
529902,4,herbs,0,0
529902,1,shrubs_dead,0,0
529902,1,shrubs_dead,0,0
529902,2,shrubs_dead,0,0
529902,2,shrubs_dead,0,0
529902,3,shrubs_dead,0,0
529902,3,shrubs_dead,0,0
529902,4,shrubs_dead,0,0
529902,4,shrubs_dead,0,0
528610,1,shrubs,0,0
528610,1,shrubs,0,0
528610,2,shrubs,20,1.9
528610,2,shrubs,0,0
528610,3,shrubs,20,2
528610,3,shrubs,15,2
528610,4,shrubs,90,2
528610,4,shrubs,0,0
528610,1,herbs,25,0.29
528610,1,herbs,10,0.15
528610,2,herbs,20,0.17
528610,2,herbs,5,0.15
528610,3,herbs,5,0.14
528610,3,herbs,10,0.24
528610,4,herbs,5,0.17
528610,4,herbs,10,0.2
528610,1,shrubs_dead,75,2
528610,1,shrubs_dead,0,0
528610,2,shrubs_dead,0,0
528610,2,shrubs_dead,70,2
528610,3,shrubs_dead,0,1
528610,3,shrubs_dead,80,1.9
528610,4,shrubs_dead,10,1.8
528610,4,shrubs_dead,20,2
528602,1,shrubs,0,0
528602,1,shrubs,0,0
528602,2,shrubs,0,0
528602,2,shrubs,90,1.5
528602,3,shrubs,90,1.8
528602,3,shrubs,40,1.6
528602,4,shrubs,0,0
528602,4,shrubs,0,0
528602,1,herbs,0,0
528602,1,herbs,1,0.14
528602,2,herbs,15,0.19
528602,2,herbs,0,0
528602,3,herbs,0,0
528602,3,herbs,0,0
528602,4,herbs,0,0
528602,4,herbs,0,0
528602,1,shrubs_dead,90,1.4
528602,1,shrubs_dead,90,1.3
528602,2,shrubs_dead,50,2
528602,2,shrubs_dead,10,1.7
528602,3,shrubs_dead,0,1
528602,3,shrubs_dead,40,1.3
528602,4,shrubs_dead,90,1.8
528602,4,shrubs_dead,90,1.6
538501,1,shrubs,60,1.7
538501,1,shrubs,0,0
538501,2,shrubs,70,1.9
538501,2,shrubs,35,1.8
538501,3,shrubs,40,1.7
538501,3,shrubs,15,1.5
538501,4,shrubs,20,1.5
538501,4,shrubs,50,1.5
538501,1,herbs,10,0.7
538501,1,herbs,60,0.1
538501,2,herbs,10,0.1
538501,2,herbs,10,0.1
538501,3,herbs,25,0.12
538501,3,herbs,10,0.15
538501,4,herbs,10,0.2
538501,4,herbs,5,0.15
538501,1,shrubs_dead,0,0
538501,1,shrubs_dead,0,0
538501,2,shrubs_dead,0,0
538501,2,shrubs_dead,0,0
538501,3,shrubs_dead,0,0
538501,3,shrubs_dead,10,0.5
538501,4,shrubs_dead,0,0
538501,4,shrubs_dead,0,0
538505,1,shrubs,0,0
538505,1,shrubs,5,0.3
538505,2,shrubs,0,0
538505,2,shrubs,1,0.5
538505,3,shrubs,0,0
538505,3,shrubs,0,0
538505,4,shrubs,0,0
538505,4,shrubs,60,1.9
538505,1,herbs,0,0
538505,1,herbs,2,0.04
538505,2,herbs,20,0.23
538505,2,herbs,1,0.09
538505,3,herbs,30,0.12
538505,3,herbs,15,0.03
538505,4,herbs,10,0.25
538505,4,herbs,35,0.22
538505,1,shrubs_dead,0,0
538505,1,shrubs_dead,0,0
538505,2,shrubs_dead,0,0
538505,2,shrubs_dead,0,0
538505,3,shrubs_dead,0,0
538505,3,shrubs_dead,0,0
538505,4,shrubs_dead,0,0
538505,4,shrubs_dead,0,0
540001,1,shrubs,25,1.7
540001,1,shrubs,20,1.8
540001,2,shrubs,10,1.6
540001,2,shrubs,15,1.4
540001,3,shrubs,30,1.9
540001,3,shrubs,80,1.3
540001,4,shrubs,20,1.6
540001,4,shrubs,20,1.6
540001,1,herbs,50,0.27
540001,1,herbs,65,0.7
540001,2,herbs,70,0.2
540001,2,herbs,75,0.2
540001,3,herbs,80,0.2
540001,3,herbs,40,0.25
540001,4,herbs,15,0.1
540001,4,herbs,10,0.1
540001,1,shrubs_dead,0,0
540001,1,shrubs_dead,0,0
540001,2,shrubs_dead,0,0
540001,2,shrubs_dead,0,0
540001,3,shrubs_dead,0,0
540001,3,shrubs_dead,0,0
540001,4,shrubs_dead,0,0
540001,4,shrubs_dead,0,0
540005,1,shrubs,10,1.6
540005,1,shrubs,0,0
540005,2,shrubs,25,1.6
540005,2,shrubs,30,1.5
540005,3,shrubs,50,1.2
540005,3,shrubs,0,0
540005,4,shrubs,0,0
540005,4,shrubs,20,0.9
540005,1,herbs,5,0.24
540005,1,herbs,80,0.23
540005,2,herbs,5,0.3
540005,2,herbs,10,0.25
540005,3,herbs,0,0
540005,3,herbs,10,0.2
540005,4,herbs,20,0.2
540005,4,herbs,15,0.2
540005,1,shrubs_dead,0,0
540005,1,shrubs_dead,0,0
540005,2,shrubs_dead,1,2
540005,2,shrubs_dead,0,0
540005,3,shrubs_dead,0,0
540005,3,shrubs_dead,0,0
540005,4,shrubs_dead,0,0
540005,4,shrubs_dead,0,0
541405,1,shrubs,0,0
541405,1,shrubs,0,0
541405,2,shrubs,0,0
541405,2,shrubs,0,0
541405,3,shrubs,0,0
541405,3,shrubs,20,1.6
541405,4,shrubs,10,1.4
541405,4,shrubs,0,0
541405,1,herbs,0,0
541405,1,herbs,5,0.03
541405,2,herbs,0,0
541405,2,herbs,10,0.05
541405,3,herbs,35,0.08
541405,3,herbs,5,0.22
541405,4,herbs,0,0
541405,4,herbs,0,0
541405,1,shrubs_dead,30,2
541405,1,shrubs_dead,40,2
541405,2,shrubs_dead,15,1.7
541405,2,shrubs_dead,30,1.9
541405,3,shrubs_dead,20,1.3
541405,3,shrubs_dead,25,1.9
541405,4,shrubs_dead,25,1.8
541405,4,shrubs_dead,60,1.9
541406,1,shrubs,0,0
541406,1,shrubs,0,0
541406,2,shrubs,0,0
541406,2,shrubs,0,0
541406,3,shrubs,15,1.6
541406,3,shrubs,0,0
541406,4,shrubs,0,0
541406,4,shrubs,0,0
541406,1,herbs,40,0.29
541406,1,herbs,50,0.05
541406,2,herbs,0,0
541406,2,herbs,45,0.04
541406,3,herbs,5,0.22
541406,3,herbs,5,0.05
541406,4,herbs,0,0
541406,4,herbs,5,0.12
541406,1,shrubs_dead,0,1
541406,1,shrubs_dead,15,1.7
541406,2,shrubs_dead,0,1
541406,2,shrubs_dead,10,1.8
541406,3,shrubs_dead,0,0
541406,3,shrubs_dead,0,0
541406,4,shrubs_dead,5,2
541406,4,shrubs_dead,5,1.9
541501,1,shrubs,0,0
541501,1,shrubs,0,0
541501,2,shrubs,30,1.3
541501,2,shrubs,70,1.9
541501,3,shrubs,0,0
541501,3,shrubs,25,1.6
541501,4,shrubs,20,1.3
541501,4,shrubs,0,0
541501,1,herbs,100,0.03
541501,1,herbs,20,0.03
541501,2,herbs,5,0.2
541501,2,herbs,0,0
541501,3,herbs,5,0.05
541501,3,herbs,30,0.03
541501,4,herbs,20,0.03
541501,4,herbs,0,0.03
541501,1,shrubs_dead,0,0
541501,1,shrubs_dead,0,0
541501,2,shrubs_dead,0,0
541501,2,shrubs_dead,0,0
541501,3,shrubs_dead,0,0
541501,3,shrubs_dead,0,0
541501,4,shrubs_dead,0,0
541501,4,shrubs_dead,0,0
540113,1,shrubs,40,1.6
540113,1,shrubs,5,0.4
540113,2,shrubs,5,0.5
540113,2,shrubs,100,1.9
540113,3,shrubs,0,0
540113,3,shrubs,70,0.9
540113,4,shrubs,60,1.8
540113,4,shrubs,80,1.6
540113,1,herbs,0,0
540113,1,herbs,0,0
540113,2,herbs,10,0.05
540113,2,herbs,0,0
540113,3,herbs,30,0.5
540113,3,herbs,10,0.4
540113,4,herbs,20,0.3
540113,4,herbs,0,0
540113,1,shrubs_dead,10,2
540113,1,shrubs_dead,10,1.9
540113,2,shrubs_dead,5,1.8
540113,2,shrubs_dead,0,1
540113,3,shrubs_dead,1.5,2
540113,3,shrubs_dead,20,1.2
540113,4,shrubs_dead,25,0.9
540113,4,shrubs_dead,20,1.9
540103,1,shrubs,10,0.27
540103,1,shrubs,10,0.5
540103,2,shrubs,0,0
540103,2,shrubs,60,1.8
540103,3,shrubs,0,0
540103,3,shrubs,20,0.5
540103,4,shrubs,0,0
540103,4,shrubs,50,1.8
540103,1,herbs,30,0.39
540103,1,herbs,20,0.2
540103,2,herbs,10,0.15
540103,2,herbs,10,0.3
540103,3,herbs,20,0.03
540103,3,herbs,40,0.2
540103,4,herbs,60,0.35
540103,4,herbs,30,0.25
540103,1,shrubs_dead,0,0
540103,1,shrubs_dead,0,0
540103,2,shrubs_dead,0,0
540103,2,shrubs_dead,0,0
540103,3,shrubs_dead,0,0
540103,3,shrubs_dead,0,0
540103,4,shrubs_dead,0,0
540103,4,shrubs_dead,0,0
538612,1,shrubs,0,0
538612,1,shrubs,10,0.8
538612,2,shrubs,0,0
538612,2,shrubs,20,0.19
538612,3,shrubs,5,0.6
538612,3,shrubs,0,0
538612,4,shrubs,0,0
538612,4,shrubs,10,1.4
538612,1,herbs,1,0.09
538612,1,herbs,10,0.28
538612,2,herbs,20,0.22
538612,2,herbs,5,0.2
538612,3,herbs,0,0
538612,3,herbs,0,0
538612,4,herbs,5,0.2
538612,4,herbs,1,0.13
538612,1,shrubs_dead,1,1.8
538612,1,shrubs_dead,15,1.7
538612,2,shrubs_dead,0,1
538612,2,shrubs_dead,10,1.9
538612,3,shrubs_dead,0,0
538612,3,shrubs_dead,0,0
538612,4,shrubs_dead,10,1.5
538612,4,shrubs_dead,40,2
538610,1,shrubs,45,2
538610,1,shrubs,10,1
538610,2,shrubs,100,1.9
538610,2,shrubs,20,1.3
538610,3,shrubs,100,1.8
538610,3,shrubs,60,1.5
538610,4,shrubs,100,2
538610,4,shrubs,90,2
538610,1,herbs,10,0.31
538610,1,herbs,15,0.25
538610,2,herbs,10,0.25
538610,2,herbs,20,0.23
538610,3,herbs,0,0
538610,3,herbs,30,0.5
538610,4,herbs,10,0.15
538610,4,herbs,5,0.24
538610,1,shrubs_dead,0,1
538610,1,shrubs_dead,10,1.3
538610,2,shrubs_dead,0,0
538610,2,shrubs_dead,0,0
538610,3,shrubs_dead,0,0
538610,3,shrubs_dead,0,0
538610,4,shrubs_dead,0,0
538610,4,shrubs_dead,20,2
538601,1,shrubs,0,0
538601,1,shrubs,0,0
538601,2,shrubs,0,0
538601,2,shrubs,0,0
538601,3,shrubs,0,0
538601,3,shrubs,15,1.9
538601,4,shrubs,0,0
538601,4,shrubs,0,0
538601,1,herbs,30,0.24
538601,1,herbs,40,0.22
538601,2,herbs,10,0.25
538601,2,herbs,0,0
538601,3,herbs,20,0.25
538601,3,herbs,30,0.25
538601,4,herbs,5,0.25
538601,4,herbs,100,0.45
538601,1,shrubs_dead,10,1.6
538601,1,shrubs_dead,0,0
538601,2,shrubs_dead,0,0
538601,2,shrubs_dead,20,1.6
538601,3,shrubs_dead,0,1
538601,3,shrubs_dead,10,1.9
538601,4,shrubs_dead,20,1.8
538601,4,shrubs_dead,0,0
537101,1,shrubs,95,1.6
537101,1,shrubs,20,1.4
537101,2,shrubs,70,1.8
537101,2,shrubs,0,0
537101,3,shrubs,40,1.4
537101,3,shrubs,0,0
537101,4,shrubs,5,1.3
537101,4,shrubs,20,1.2
537101,1,herbs,0,0
537101,1,herbs,25,0.25
537101,2,herbs,0,0
537101,2,herbs,20,0.02
537101,3,herbs,15,0.25
537101,3,herbs,15,0.2
537101,4,herbs,0,0
537101,4,herbs,25,0.25
537101,1,shrubs_dead,5,2
537101,1,shrubs_dead,10,1.9
537101,2,shrubs_dead,0,0
537101,2,shrubs_dead,0,0
537101,3,shrubs_dead,0,0
537101,3,shrubs_dead,0,0
537101,4,shrubs_dead,0,0
537101,4,shrubs_dead,0,0
209809,1,shrubs,0,1.9
209809,1,shrubs,20,1.5
209809,2,shrubs,0,0
209809,2,shrubs,60,0.5
209809,3,shrubs,70,0.35
209809,3,shrubs,20,0.8
209809,4,shrubs,0,0
209809,4,shrubs,0,0
209809,1,herbs,5,0.12
209809,1,herbs,10,0.4
209809,2,herbs,5,0.2
209809,2,herbs,15,0.2
209809,3,herbs,0,0
209809,3,herbs,10,0.2
209809,4,herbs,0,0
209809,4,herbs,5,0.2
209809,1,shrubs_dead,0,0
209809,1,shrubs_dead,0,0
209809,2,shrubs_dead,0,0
209809,2,shrubs_dead,5,1
209809,3,shrubs_dead,0,1
209809,3,shrubs_dead,5,1.2
209809,4,shrubs_dead,10,1
209809,4,shrubs_dead,0,1
209706,1,shrubs,10,1.3
209706,1,shrubs,0,0
209706,2,shrubs,10,1.8
209706,2,shrubs,15,1.2
209706,3,shrubs,5,1.3
209706,3,shrubs,0,0
209706,4,shrubs,10,1.8
209706,4,shrubs,80,2
209706,1,herbs,0,0
209706,1,herbs,35,0.22
209706,2,herbs,15,0.17
209706,2,herbs,20,0.32
209706,3,herbs,40,0.25
209706,3,herbs,30,0.19
209706,4,herbs,30,0.2
209706,4,herbs,20,0.28
209706,1,shrubs_dead,0,0
209706,1,shrubs_dead,0,0
209706,2,shrubs_dead,0,0
209706,2,shrubs_dead,5,1.9
209706,3,shrubs_dead,0,1
209706,3,shrubs_dead,5,1.8
209706,4,shrubs_dead,10,1.2
209706,4,shrubs_dead,0,1
209317,1,shrubs,0,0
209317,1,shrubs,30,1.7
209317,2,shrubs,0,0
209317,2,shrubs,0,0
209317,3,shrubs,20,1.5
209317,3,shrubs,0,0
209317,4,shrubs,95,1.7
209317,4,shrubs,60,2
209317,1,herbs,90,0.31
209317,1,herbs,95,0.12
209317,2,herbs,80,0.45
209317,2,herbs,65,0.05
209317,3,herbs,80,0.2
209317,3,herbs,85,0.15
209317,4,herbs,70,0.13
209317,4,herbs,50,0.19
209317,1,shrubs_dead,0,0
209317,1,shrubs_dead,0,0
209317,2,shrubs_dead,0,0
209317,2,shrubs_dead,0,0
209317,3,shrubs_dead,0,0
209317,3,shrubs_dead,0,0
209317,4,shrubs_dead,0,0
209317,4,shrubs_dead,0,0
209302,1,shrubs,40,1.5
209302,1,shrubs,0,0
209302,2,shrubs,70,1.9
209302,2,shrubs,80,1.5
209302,3,shrubs,20,1.8
209302,3,shrubs,40,1.6
209302,4,shrubs,10,1.3
209302,4,shrubs,20,1.5
209302,1,herbs,5,0.19
209302,1,herbs,40,0.35
209302,2,herbs,0,0
209302,2,herbs,1,0.19
209302,3,herbs,100,0.25
209302,3,herbs,10,0.2
209302,4,herbs,95,0.25
209302,4,herbs,30,0.25
209302,1,shrubs_dead,0,0
209302,1,shrubs_dead,0,0
209302,2,shrubs_dead,0,0
209302,2,shrubs_dead,5,1.2
209302,3,shrubs_dead,0,0
209302,3,shrubs_dead,0,0
209302,4,shrubs_dead,0,0
209302,4,shrubs_dead,0,0
209222,1,shrubs,0,0
209222,1,shrubs,0,0
209222,2,shrubs,0,0
209222,2,shrubs,0,0
209222,3,shrubs,0,0
209222,3,shrubs,0,0
209222,4,shrubs,0,0
209222,4,shrubs,0,0
209222,1,herbs,75,0.23
209222,1,herbs,15,0.25
209222,2,herbs,20,0.2
209222,2,herbs,10,0.2
209222,3,herbs,10,0.2
209222,3,herbs,5,0.2
209222,4,herbs,15,0.15
209222,4,herbs,50,0.08
209222,1,shrubs_dead,35,2
209222,1,shrubs_dead,70,1.9
209222,2,shrubs_dead,30,1.5
209222,2,shrubs_dead,10,1.9
209222,3,shrubs_dead,50,1.8
209222,3,shrubs_dead,20,1.4
209222,4,shrubs_dead,10,1.8
209222,4,shrubs_dead,0,0
209702,1,shrubs,90,1.6
209702,1,shrubs,30,1.8
209702,2,shrubs,60,1.7
209702,2,shrubs,50,1.9
209702,3,shrubs,85,1.6
209702,3,shrubs,70,1.4
209702,4,shrubs,20,1.2
209702,4,shrubs,15,1.6
209702,1,herbs,10,0.11
209702,1,herbs,0,0
209702,2,herbs,5,0.2
209702,2,herbs,0,0
209702,3,herbs,15,0.21
209702,3,herbs,0,0
209702,4,herbs,0,0
209702,4,herbs,9,0.15
209702,1,shrubs_dead,0,0
209702,1,shrubs_dead,0,0
209702,2,shrubs_dead,0,0
209702,2,shrubs_dead,0,0
209702,3,shrubs_dead,0,0
209702,3,shrubs_dead,0,0
209702,4,shrubs_dead,0,0
209702,4,shrubs_dead,0,0
209619,1,shrubs,30,2
209619,1,shrubs,40,1.8
209619,2,shrubs,40,1.8
209619,2,shrubs,60,1.9
209619,3,shrubs,45,1.7
209619,3,shrubs,40,2
209619,4,shrubs,90,1.6
209619,4,shrubs,40,0.8
209619,1,herbs,40,0.21
209619,1,herbs,20,0.2
209619,2,herbs,0,0
209619,2,herbs,10,0.1
209619,3,herbs,20,0.4
209619,3,herbs,5,0.08
209619,4,herbs,0,0
209619,4,herbs,30,0.3
209619,1,shrubs_dead,0,0
209619,1,shrubs_dead,10,1.6
209619,2,shrubs_dead,0,0
209619,2,shrubs_dead,0,0
209619,3,shrubs_dead,0,0
209619,3,shrubs_dead,0,0
209619,4,shrubs_dead,0,0
209619,4,shrubs_dead,0,0
209219,1,shrubs,0,0
209219,1,shrubs,0,0
209219,2,shrubs,0,0
209219,2,shrubs,0,0
209219,3,shrubs,0,0
209219,3,shrubs,10,1.8
209219,4,shrubs,100,1.9
209219,4,shrubs,0,0
209219,1,herbs,5,0.14
209219,1,herbs,15,0.26
209219,2,herbs,10,0.25
209219,2,herbs,25,0.22
209219,3,herbs,40,0.4
209219,3,herbs,2,0.21
209219,4,herbs,5,0.15
209219,4,herbs,20,0.29
209219,1,shrubs_dead,90,1.5
209219,1,shrubs_dead,60,2
209219,2,shrubs_dead,70,1.8
209219,2,shrubs_dead,50,1.4
209219,3,shrubs_dead,80,2
209219,3,shrubs_dead,90,1.6
209219,4,shrubs_dead,0,1
209219,4,shrubs_dead,70,1.8
209102,1,shrubs,20,1.6
209102,1,shrubs,95,1.4
209102,2,shrubs,90,1.8
209102,2,shrubs,15,1.6
209102,3,shrubs,30,1.8
209102,3,shrubs,90,1.9
209102,4,shrubs,0,0
209102,4,shrubs,30,1.9
209102,1,herbs,10,0.2
209102,1,herbs,5,0.09
209102,2,herbs,0,0.2
209102,2,herbs,80,0.45
209102,3,herbs,60,0.2
209102,3,herbs,0,0
209102,4,herbs,40,0.5
209102,4,herbs,30,0.25
209102,1,shrubs_dead,0,0
209102,1,shrubs_dead,0,0
209102,2,shrubs_dead,0,0
209102,2,shrubs_dead,0,0
209102,3,shrubs_dead,0,0
209102,3,shrubs_dead,0,0
209102,4,shrubs_dead,0,0
209102,4,shrubs_dead,0,0
209005,1,shrubs,100,1.4
209005,1,shrubs,90,1.3
209005,2,shrubs,100,1.8
209005,2,shrubs,85,1.9
209005,3,shrubs,0,0
209005,3,shrubs,100,0.8
209005,4,shrubs,0,0
209005,4,shrubs,60,1.9
209005,1,herbs,0,0
209005,1,herbs,10,0.1
209005,2,herbs,0,0
209005,2,herbs,20,0.2
209005,3,herbs,5,0.1
209005,3,herbs,0,0
209005,4,herbs,95,0.45
209005,4,herbs,30,0.3
209005,1,shrubs_dead,0,0
209005,1,shrubs_dead,0,0
209005,2,shrubs_dead,0,0
209005,2,shrubs_dead,0,0
209005,3,shrubs_dead,20,1.7
209005,3,shrubs_dead,0,0
209005,4,shrubs_dead,0,0
209005,4,shrubs_dead,0,0
209103,1,shrubs,0,0
209103,1,shrubs,0,0
209103,2,shrubs,20,0.5
209103,2,shrubs,0,0
209103,3,shrubs,10,0.4
209103,3,shrubs,40,1.6
209103,4,shrubs,30,1.4
209103,4,shrubs,0,0
209103,1,herbs,5,0.17
209103,1,herbs,40,0.42
209103,2,herbs,80,0.2
209103,2,herbs,10,0.2
209103,3,herbs,5,0.2
209103,3,herbs,65,0.3
209103,4,herbs,35,0.22
209103,4,herbs,20,0.25
209103,1,shrubs_dead,0,0
209103,1,shrubs_dead,0,0
209103,2,shrubs_dead,0,0
209103,2,shrubs_dead,0,0
209103,3,shrubs_dead,0,0
209103,3,shrubs_dead,0,0
209103,4,shrubs_dead,0,0
209103,4,shrubs_dead,0,0
208507,1,shrubs,5,1.5
208507,1,shrubs,20,1.2
208507,2,shrubs,0,0
208507,2,shrubs,20,1.6
208507,3,shrubs,0,0
208507,3,shrubs,0,0
208507,4,shrubs,0,0
208507,4,shrubs,10,1.8
208507,1,herbs,25,0.2
208507,1,herbs,40,0.27
208507,2,herbs,40,0.3
208507,2,herbs,30,0.4
208507,3,herbs,30,0.2
208507,3,herbs,20,0.23
208507,4,herbs,25,0.4
208507,4,herbs,1,0.07
208507,1,shrubs_dead,0,0
208507,1,shrubs_dead,0,0
208507,2,shrubs_dead,30,1.8
208507,2,shrubs_dead,20,1.3
208507,3,shrubs_dead,0,1
208507,3,shrubs_dead,2,2
208507,4,shrubs_dead,0,0
208507,4,shrubs_dead,0,0
211915,1,shrubs,20,1.3
211915,1,shrubs,0,0
211915,2,shrubs,0,0
211915,2,shrubs,30,1.8
211915,3,shrubs,20,1.6
211915,3,shrubs,95,1.3
211915,4,shrubs,25,1.2
211915,4,shrubs,10,1.5
211915,1,herbs,30,0.23
211915,1,herbs,45,0.42
211915,2,herbs,35,0.3
211915,2,herbs,60,0.2
211915,3,herbs,20,0.3
211915,3,herbs,0,0
211915,4,herbs,60,0.1
211915,4,herbs,70,0.2
211915,1,shrubs_dead,0,0
211915,1,shrubs_dead,0,0
211915,2,shrubs_dead,0,0
211915,2,shrubs_dead,0,0
211915,3,shrubs_dead,0,0
211915,3,shrubs_dead,0,0
211915,4,shrubs_dead,0,0
211915,4,shrubs_dead,0,0
211813,1,shrubs,5,1.4
211813,1,shrubs,15,1.6
211813,2,shrubs,10,1.9
211813,2,shrubs,0,0
211813,3,shrubs,40,1.6
211813,3,shrubs,70,1.3
211813,4,shrubs,20,1.1
211813,4,shrubs,25,1.3
211813,1,herbs,65,0.19
211813,1,herbs,50,0.12
211813,2,herbs,20,0.2
211813,2,herbs,15,0.2
211813,3,herbs,30,0.15
211813,3,herbs,85,0.1
211813,4,herbs,80,0.2
211813,4,herbs,60,0.2
211813,1,shrubs_dead,5,2
211813,1,shrubs_dead,0,0
211813,2,shrubs_dead,0,0
211813,2,shrubs_dead,5,1.3
211813,3,shrubs_dead,0,0
211813,3,shrubs_dead,0,0
211813,4,shrubs_dead,0,0
211813,4,shrubs_dead,15,1.8
212501,1,shrubs,0,0
212501,1,shrubs,20,1.7
212501,2,shrubs,70,0.5
212501,2,shrubs,30,1.7
212501,3,shrubs,15,1.2
212501,3,shrubs,40,1.9
212501,4,shrubs,55,1.9
212501,4,shrubs,65,1.2
212501,1,herbs,1,0.06
212501,1,herbs,40,0.4
212501,2,herbs,0,0
212501,2,herbs,15,0.25
212501,3,herbs,5,0.05
212501,3,herbs,0,0
212501,4,herbs,1,0.8
212501,4,herbs,0,0
212501,1,shrubs_dead,0,0
212501,1,shrubs_dead,0,0
212501,2,shrubs_dead,0,0
212501,2,shrubs_dead,0,0
212501,3,shrubs_dead,0,0
212501,3,shrubs_dead,0,0
212501,4,shrubs_dead,0,0
212501,4,shrubs_dead,5,1
212407,1,shrubs,20,1.7
212407,1,shrubs,85,1.9
212407,2,shrubs,15,1.2
212407,2,shrubs,60,1.1
212407,3,shrubs,40,1.5
212407,3,shrubs,50,1.7
212407,4,shrubs,60,1.8
212407,4,shrubs,5,1.7
212407,1,herbs,30,0.11
212407,1,herbs,0,0
212407,2,herbs,25,0.22
212407,2,herbs,10,0.3
212407,3,herbs,0,0
212407,3,herbs,0,0
212407,4,herbs,30,0.15
212407,4,herbs,90,0.13
212407,1,shrubs_dead,0,0
212407,1,shrubs_dead,0,0
212407,2,shrubs_dead,0,0
212407,2,shrubs_dead,0,0
212407,3,shrubs_dead,0,0
212407,3,shrubs_dead,0,0
212407,4,shrubs_dead,0,0
212407,4,shrubs_dead,0,0
211815,1,shrubs,30,1.9
211815,1,shrubs,40,1.4
211815,2,shrubs,80,1.9
211815,2,shrubs,20,0.5
211815,3,shrubs,30,1.5
211815,3,shrubs,5,0.3
211815,4,shrubs,20,0.8
211815,4,shrubs,10,1.9
211815,1,herbs,90,0.35
211815,1,herbs,80,0.04
211815,2,herbs,0,0
211815,2,herbs,15,0.2
211815,3,herbs,25,0.1
211815,3,herbs,80,0.15
211815,4,herbs,60,0.3
211815,4,herbs,10,0.2
211815,1,shrubs_dead,0,0
211815,1,shrubs_dead,0,0
211815,2,shrubs_dead,0,0
211815,2,shrubs_dead,0,0
211815,3,shrubs_dead,0,0
211815,3,shrubs_dead,0,0
211815,4,shrubs_dead,0,0
211815,4,shrubs_dead,0,0
211810,1,shrubs,15,1.4
211810,1,shrubs,35,1.5
211810,2,shrubs,60,1.9
211810,2,shrubs,40,1.6
211810,3,shrubs,30,1.3
211810,3,shrubs,5,0.9
211810,4,shrubs,10,0.7
211810,4,shrubs,40,1.8
211810,1,herbs,10,0.13
211810,1,herbs,0,0
211810,2,herbs,5,0.2
211810,2,herbs,5,0.15
211810,3,herbs,10,0.2
211810,3,herbs,5,0.5
211810,4,herbs,45,0.33
211810,4,herbs,10,0.25
211810,1,shrubs_dead,0,0
211810,1,shrubs_dead,0,0
211810,2,shrubs_dead,0,0
211810,2,shrubs_dead,0,0
211810,3,shrubs_dead,0,0
211810,3,shrubs_dead,0,0
211810,4,shrubs_dead,0,0
211810,4,shrubs_dead,0,0
211801,1,shrubs,10,1.3
211801,1,shrubs,20,1.6
211801,2,shrubs,30,1.8
211801,2,shrubs,10,1.9
211801,3,shrubs,20,1.3
211801,3,shrubs,40,1.7
211801,4,shrubs,40,1.9
211801,4,shrubs,60,1.8
211801,1,herbs,1,0.05
211801,1,herbs,5,0.1
211801,2,herbs,2,0.2
211801,2,herbs,10,0.1
211801,3,herbs,5,0.1
211801,3,herbs,10,0.1
211801,4,herbs,90,0.15
211801,4,herbs,0,0
211801,1,shrubs_dead,10,1.6
211801,1,shrubs_dead,0,1
211801,2,shrubs_dead,10,1.2
211801,2,shrubs_dead,0,0
211801,3,shrubs_dead,0,0
211801,3,shrubs_dead,0,0
211801,4,shrubs_dead,0,0
211801,4,shrubs_dead,0,0
211004,1,shrubs,40,1.9
211004,1,shrubs,5,1.2
211004,2,shrubs,0,0
211004,2,shrubs,10,1
211004,3,shrubs,0,0
211004,3,shrubs,0,0
211004,4,shrubs,5,0.3
211004,4,shrubs,0,0
211004,1,herbs,15,0.07
211004,1,herbs,5,0.05
211004,2,herbs,40,0.05
211004,2,herbs,25,0.05
211004,3,herbs,30,0.2
211004,3,herbs,65,0.08
211004,4,herbs,30,0.25
211004,4,herbs,50,0.3
211004,1,shrubs_dead,0,0
211004,1,shrubs_dead,0,0
211004,2,shrubs_dead,0,0
211004,2,shrubs_dead,0,0
211004,3,shrubs_dead,0,0
211004,3,shrubs_dead,0,0
211004,4,shrubs_dead,0,0
211004,4,shrubs_dead,0,0
211707,1,shrubs,15,1.6
211707,1,shrubs,25,1.8
211707,2,shrubs,0,0
211707,2,shrubs,40,1.8
211707,3,shrubs,0,0
211707,3,shrubs,0,0
211707,4,shrubs,100,1.9
211707,4,shrubs,0,0
211707,1,herbs,0,0
211707,1,herbs,5,0.15
211707,2,herbs,0,0
211707,2,herbs,0,0
211707,3,herbs,0,0
211707,3,herbs,0,0
211707,4,herbs,0,0
211707,4,herbs,30,0.2
211707,1,shrubs_dead,0,0
211707,1,shrubs_dead,0,0
211707,2,shrubs_dead,0,0
211707,2,shrubs_dead,0,0
211707,3,shrubs_dead,0,0
211707,3,shrubs_dead,0,0
211707,4,shrubs_dead,0,0
211707,4,shrubs_dead,0,0
210805,1,shrubs,30,1.6
210805,1,shrubs,20,1.3
210805,2,shrubs,25,1.8
210805,2,shrubs,20,1.6
210805,3,shrubs,30,1.1
210805,3,shrubs,10,1.8
210805,4,shrubs,5,0.9
210805,4,shrubs,30,1.4
210805,1,herbs,1,0.07
210805,1,herbs,25,0.05
210805,2,herbs,0,0
210805,2,herbs,0,0
210805,3,herbs,0,0
210805,3,herbs,0,0
210805,4,herbs,1,0.17
210805,4,herbs,0,0
210805,1,shrubs_dead,10,1.8
210805,1,shrubs_dead,0,1
210805,2,shrubs_dead,10,1.2
210805,2,shrubs_dead,20,1.8
210805,3,shrubs_dead,10,1.9
210805,3,shrubs_dead,40,2
210805,4,shrubs_dead,25,1.9
210805,4,shrubs_dead,10,1.9
214014,1,shrubs,45,1.9
214014,1,shrubs,60,2
214014,2,shrubs,10,1.2
214014,2,shrubs,100,1.5
214014,3,shrubs,55,2
214014,3,shrubs,60,2
214014,4,shrubs,60,1.9
214014,4,shrubs,0,0
214014,1,herbs,5,0.13
214014,1,herbs,0,0
214014,2,herbs,15,0.2
214014,2,herbs,0,0
214014,3,herbs,1,0.23
214014,3,herbs,0,0
214014,4,herbs,1,0.11
214014,4,herbs,2,0.2
214014,1,shrubs_dead,0,1
214014,1,shrubs_dead,5,2
214014,2,shrubs_dead,0,0
214014,2,shrubs_dead,0,0
214014,3,shrubs_dead,5,1.9
214014,3,shrubs_dead,0,0
214014,4,shrubs_dead,0,0
214014,4,shrubs_dead,0,0
215406,1,shrubs,40,1.7
215406,1,shrubs,20,1.3
215406,2,shrubs,30,1.8
215406,2,shrubs,40,1.9
215406,3,shrubs,25,2
215406,3,shrubs,70,2
215406,4,shrubs,80,1.6
215406,4,shrubs,35,1.5
215406,1,herbs,10,0.15
215406,1,herbs,20,0.25
215406,2,herbs,20,0.2
215406,2,herbs,10,0.15
215406,3,herbs,5,0.14
215406,3,herbs,40,0.23
215406,4,herbs,0,0
215406,4,herbs,15,0.17
215406,1,shrubs_dead,0,1
215406,1,shrubs_dead,10,1.8
215406,2,shrubs_dead,0,1
215406,2,shrubs_dead,5,1.3
215406,3,shrubs_dead,0,0
215406,3,shrubs_dead,0,0
215406,4,shrubs_dead,5,1.2
215406,4,shrubs_dead,0,1
215417,1,shrubs,1,0.3
215417,1,shrubs,0,0
215417,2,shrubs,20,1.8
215417,2,shrubs,0,0
215417,3,shrubs,0,0
215417,3,shrubs,20,1.7
215417,4,shrubs,0,0
215417,4,shrubs,5,0.4
215417,1,herbs,0,0
215417,1,herbs,1,0.22
215417,2,herbs,20,0.35
215417,2,herbs,15,0.4
215417,3,herbs,5,0.06
215417,3,herbs,5,0.33
215417,4,herbs,10,0.23
215417,4,herbs,0,0
215417,1,shrubs_dead,0,0
215417,1,shrubs_dead,0,0
215417,2,shrubs_dead,5,1.3
215417,2,shrubs_dead,10,1.3
215417,3,shrubs_dead,0,0
215417,3,shrubs_dead,0,0
215417,4,shrubs_dead,0,0
215417,4,shrubs_dead,0,0
217116,1,shrubs,10,1.2
217116,1,shrubs,0,0
217116,2,shrubs,40,1.9
217116,2,shrubs,0,0
217116,3,shrubs,5,0.6
217116,3,shrubs,10,0.08
217116,4,shrubs,60,1.9
217116,4,shrubs,10,1.4
217116,1,herbs,10,0.25
217116,1,herbs,0,0
217116,2,herbs,0,0
217116,2,herbs,60,0.4
217116,3,herbs,0,0
217116,3,herbs,0,0
217116,4,herbs,5,0.21
217116,4,herbs,5,0.16
217116,1,shrubs_dead,0,0
217116,1,shrubs_dead,0,0
217116,2,shrubs_dead,0,0
217116,2,shrubs_dead,0,0
217116,3,shrubs_dead,0,0
217116,3,shrubs_dead,0,0
217116,4,shrubs_dead,0,0
217116,4,shrubs_dead,0,0
218703,1,shrubs,20,1.6
218703,1,shrubs,40,1.1
218703,2,shrubs,10,1.7
218703,2,shrubs,0,0
218703,3,shrubs,20,1.8
218703,3,shrubs,0,0
218703,4,shrubs,30,1.9
218703,4,shrubs,80,0.8
218703,1,herbs,30,0.15
218703,1,herbs,20,0.12
218703,2,herbs,80,0.1
218703,2,herbs,75,0.11
218703,3,herbs,0,0
218703,3,herbs,65,0.1
218703,4,herbs,25,0.3
218703,4,herbs,20,0.25
218703,1,shrubs_dead,0,0
218703,1,shrubs_dead,0,0
218703,2,shrubs_dead,0,0
218703,2,shrubs_dead,20,1.9
218703,3,shrubs_dead,0,0
218703,3,shrubs_dead,0,0
218703,4,shrubs_dead,0,0
218703,4,shrubs_dead,0,0
218712,1,shrubs,60,1.9
218712,1,shrubs,30,1.8
218712,2,shrubs,0,0
218712,2,shrubs,0,0
218712,3,shrubs,0,0
218712,3,shrubs,60,1.6
218712,4,shrubs,20,1.8
218712,4,shrubs,10,1.5
218712,1,herbs,1,0.09
218712,1,herbs,1,0.05
218712,2,herbs,0,0
218712,2,herbs,5,0.2
218712,3,herbs,20,0.16
218712,3,herbs,40,0.21
218712,4,herbs,50,0.5
218712,4,herbs,20,0.45
218712,1,shrubs_dead,0,0
218712,1,shrubs_dead,0,0
218712,2,shrubs_dead,10,1.9
218712,2,shrubs_dead,0,1
218712,3,shrubs_dead,10,1.9
218712,3,shrubs_dead,0,0
218712,4,shrubs_dead,0,0
218712,4,shrubs_dead,0,0
218610,1,shrubs,60,1.8
218610,1,shrubs,20,1.6
218610,2,shrubs,30,0.9
218610,2,shrubs,30,1.7
218610,3,shrubs,0,0
218610,3,shrubs,10,0.2
218610,4,shrubs,90,1.6
218610,4,shrubs,20,1.9
218610,1,herbs,15,0.2
218610,1,herbs,90,0.2
218610,2,herbs,10,0.17
218610,2,herbs,30,0.3
218610,3,herbs,15,0.2
218610,3,herbs,40,0.1
218610,4,herbs,5,0.08
218610,4,herbs,10,0.05
218610,1,shrubs_dead,0,0
218610,1,shrubs_dead,0,0
218610,2,shrubs_dead,0,0
218610,2,shrubs_dead,0,0
218610,3,shrubs_dead,0,0
218610,3,shrubs_dead,0,0
218610,4,shrubs_dead,0,0
218610,4,shrubs_dead,0,0
217002,1,shrubs,30,1.8
217002,1,shrubs,10,1.9
217002,2,shrubs,100,2
217002,2,shrubs,15,1.5
217002,3,shrubs,60,1.8
217002,3,shrubs,20,1
217002,4,shrubs,5,0.7
217002,4,shrubs,90,1.8
217002,1,herbs,20,0.3
217002,1,herbs,60,0.3
217002,2,herbs,0,0
217002,2,herbs,90,0.4
217002,3,herbs,0,0
217002,3,herbs,15,0.3
217002,4,herbs,85,0.9
217002,4,herbs,80,0.28
217002,1,shrubs_dead,0,0
217002,1,shrubs_dead,0,0
217002,2,shrubs_dead,0,0
217002,2,shrubs_dead,0,0
217002,3,shrubs_dead,0,0
217002,3,shrubs_dead,0,0
217002,4,shrubs_dead,0,0
217002,4,shrubs_dead,0,0
533528,1,shrubs,0,0
533528,1,shrubs,10,1.6
533528,2,shrubs,0,0
533528,2,shrubs,5,1.8
533528,3,shrubs,5,1.8
533528,3,shrubs,0,0
533528,4,shrubs,0,0
533528,4,shrubs,0,0
533528,1,herbs,5,0.1
533528,1,herbs,5,0.1
533528,2,herbs,5,0.1
533528,2,herbs,7,0.25
533528,3,herbs,7,0.2
533528,3,herbs,10,0.2
533528,4,herbs,5,0.1
533528,4,herbs,10,0.15
533528,1,shrubs_dead,0,0
533528,1,shrubs_dead,0,0
533528,2,shrubs_dead,0,0
533528,2,shrubs_dead,0,0
533528,3,shrubs_dead,0,0
533528,3,shrubs_dead,0,0
533528,4,shrubs_dead,5,1.2
533528,4,shrubs_dead,0,0
554722,1,shrubs,0,0
554722,1,shrubs,0,0
554722,2,shrubs,30,1.5
554722,2,shrubs,15,1.2
554722,3,shrubs,0,0
554722,3,shrubs,0,0
554722,4,shrubs,0,0
554722,4,shrubs,5,1
554722,1,herbs,17,0.1
554722,1,herbs,95,0.07
554722,2,herbs,15,0.25
554722,2,herbs,25,0.07
554722,3,herbs,20,0.1
554722,3,herbs,45,0.17
554722,4,herbs,35,0.2
554722,4,herbs,45,0.15
554722,1,shrubs_dead,0,0
554722,1,shrubs_dead,1,0.2
554722,2,shrubs_dead,0,0
554722,2,shrubs_dead,0,0
554722,3,shrubs_dead,0,0
554722,3,shrubs_dead,1,0.2
554722,4,shrubs_dead,0,0
554722,4,shrubs_dead,1,1
525610,1,shrubs,0,0
525610,1,shrubs,30,1.4
525610,2,shrubs,30,1.5
525610,2,shrubs,5,1.3
525610,3,shrubs,30,0.5
525610,3,shrubs,3,0.8
525610,4,shrubs,50,0.8
525610,4,shrubs,50,0.8
525610,1,herbs,1,0.15
525610,1,herbs,0,0
525610,2,herbs,1,0.15
525610,2,herbs,0,0
525610,3,herbs,0,0
525610,3,herbs,0,0
525610,4,herbs,0,0
525610,4,herbs,0,0
525610,1,shrubs_dead,0,0
525610,1,shrubs_dead,0,0
525610,2,shrubs_dead,0,0
525610,2,shrubs_dead,0,0
525610,3,shrubs_dead,0,0
525610,3,shrubs_dead,2,0.8
525610,4,shrubs_dead,0,0
525610,4,shrubs_dead,0,0
558212,1,shrubs,3,0.8
558212,1,shrubs,20,1.2
558212,2,shrubs,15,0.6
558212,2,shrubs,20,1.7
558212,3,shrubs,20,1.7
558212,3,shrubs,20,1.3
558212,4,shrubs,0,0
558212,4,shrubs,0,0
558212,1,herbs,5,0.15
558212,1,herbs,1,0.1
558212,2,herbs,2,0.07
558212,2,herbs,80,0.1
558212,3,herbs,2,0.1
558212,3,herbs,1,0.1
558212,4,herbs,15,0.1
558212,4,herbs,10,0.2
558212,1,shrubs_dead,4,0.8
558212,1,shrubs_dead,5,1.2
558212,2,shrubs_dead,0,0
558212,2,shrubs_dead,10,1.7
558212,3,shrubs_dead,0,0
558212,3,shrubs_dead,0,0
558212,4,shrubs_dead,0,0
558212,4,shrubs_dead,0,0
534202,1,shrubs,2,0.8
534202,1,shrubs,10,0.7
534202,2,shrubs,15,0.7
534202,2,shrubs,10,0.9
534202,3,shrubs,0,0
534202,3,shrubs,15,0.7
534202,4,shrubs,0,0
534202,4,shrubs,5,0.7
534202,1,herbs,20,0.15
534202,1,herbs,3,0.1
534202,2,herbs,20,0.2
534202,2,herbs,50,0.1
534202,3,herbs,60,0.07
534202,3,herbs,40,0.1
534202,4,herbs,75,0.07
534202,4,herbs,80,0.1
534202,1,shrubs_dead,0,0
534202,1,shrubs_dead,0,0
534202,2,shrubs_dead,0,0
534202,2,shrubs_dead,0,0
534202,3,shrubs_dead,0,0
534202,3,shrubs_dead,0,0
534202,4,shrubs_dead,0,0
534202,4,shrubs_dead,0,0
558217,1,shrubs,5,0.1
558217,1,shrubs,2,0.2
558217,2,shrubs,3,0.9
558217,2,shrubs,10,0.7
558217,3,shrubs,0,0
558217,3,shrubs,0,0
558217,4,shrubs,5,0.5
558217,4,shrubs,2,0.1
558217,1,herbs,70,0.07
558217,1,herbs,45,0.07
558217,2,herbs,60,0.09
558217,2,herbs,50,0.03
558217,3,herbs,10,0.1
558217,3,herbs,5,0.05
558217,4,herbs,80,0.1
558217,4,herbs,5,0.05
558217,1,shrubs_dead,0,0
558217,1,shrubs_dead,0,0
558217,2,shrubs_dead,0,0
558217,2,shrubs_dead,0,0
558217,3,shrubs_dead,0,0
558217,3,shrubs_dead,0,0
558217,4,shrubs_dead,0,0
558217,4,shrubs_dead,2,0.1
533802,1,shrubs,30,0.9
533802,1,shrubs,70,0.6
533802,2,shrubs,1,0.5
533802,2,shrubs,20,1.1
533802,3,shrubs,10,0.6
533802,3,shrubs,60,0.4
533802,4,shrubs,70,1.2
533802,4,shrubs,0,0
533802,1,herbs,5,0.15
533802,1,herbs,5,0.1
533802,2,herbs,40,0.05
533802,2,herbs,70,0.05
533802,3,herbs,45,0.07
533802,3,herbs,25,0.05
533802,4,herbs,35,0.05
533802,4,herbs,70,0.1
533802,1,shrubs_dead,0,0
533802,1,shrubs_dead,0,0
533802,2,shrubs_dead,0,0
533802,2,shrubs_dead,0,0
533802,3,shrubs_dead,0,0
533802,3,shrubs_dead,0,0
533802,4,shrubs_dead,0,0
533802,4,shrubs_dead,0,0
533807,1,shrubs,0,0
533807,1,shrubs,0,0
533807,2,shrubs,0,0
533807,2,shrubs,0,0
533807,3,shrubs,5,0.5
533807,3,shrubs,0,0
533807,4,shrubs,0,0
533807,4,shrubs,0,0
533807,1,herbs,5,0.15
533807,1,herbs,50,0.2
533807,2,herbs,1,0.1
533807,2,herbs,75,0.07
533807,3,herbs,25,0.1
533807,3,herbs,75,0.2
533807,4,herbs,40,0.2
533807,4,herbs,65,0.15
533807,1,shrubs_dead,0,0
533807,1,shrubs_dead,0,0
533807,2,shrubs_dead,0,0
533807,2,shrubs_dead,0,0
533807,3,shrubs_dead,0,0
533807,3,shrubs_dead,0,0
533807,4,shrubs_dead,0,0
533807,4,shrubs_dead,0,0
534703,1,shrubs,5,1.6
534703,1,shrubs,10,0.5
534703,2,shrubs,0,1.8
534703,2,shrubs,0,0
534703,3,shrubs,0,0
534703,3,shrubs,0,0
534703,4,shrubs,10,0.5
534703,4,shrubs,5,0.4
534703,1,herbs,30,0.15
534703,1,herbs,70,0.1
534703,2,herbs,40,0.15
534703,2,herbs,70,0.2
534703,3,herbs,60,0.25
534703,3,herbs,40,0.25
534703,4,herbs,70,0.5
534703,4,herbs,75,0.5
534703,1,shrubs_dead,0,0
534703,1,shrubs_dead,0,0
534703,2,shrubs_dead,0,0
534703,2,shrubs_dead,0,0
534703,3,shrubs_dead,0,0
534703,3,shrubs_dead,0,0
534703,4,shrubs_dead,0,0
534703,4,shrubs_dead,0,0
534801,1,shrubs,3,0.3
534801,1,shrubs,8,0.4
534801,2,shrubs,0,0
534801,2,shrubs,0,0
534801,3,shrubs,5,0.2
534801,3,shrubs,0,0
534801,4,shrubs,0,0
534801,4,shrubs,0,0
534801,1,herbs,3,0.15
534801,1,herbs,5,0.1
534801,2,herbs,60,0.05
534801,2,herbs,40,0.15
534801,3,herbs,50,0.2
534801,3,herbs,70,0.15
534801,4,herbs,65,0.2
534801,4,herbs,35,0.1
534801,1,shrubs_dead,0,0
534801,1,shrubs_dead,0,0
534801,2,shrubs_dead,0,0
534801,2,shrubs_dead,0,0
534801,3,shrubs_dead,0,0
534801,3,shrubs_dead,0,0
534801,4,shrubs_dead,0,0
534801,4,shrubs_dead,0,0
534001,1,shrubs,3,0.3
534001,1,shrubs,8,0.5
534001,2,shrubs,2,0.3
534001,2,shrubs,40,1.8
534001,3,shrubs,25,0.7
534001,3,shrubs,10,0.6
534001,4,shrubs,0,0
534001,4,shrubs,0,0
534001,1,herbs,30,0.25
534001,1,herbs,40,0.15
534001,2,herbs,60,0.1
534001,2,herbs,60,0.2
534001,3,herbs,45,0.4
534001,3,herbs,45,0.25
534001,4,herbs,2,0.15
534001,4,herbs,20,0.15
534001,1,shrubs_dead,10,0.3
534001,1,shrubs_dead,0,0
534001,2,shrubs_dead,0,0
534001,2,shrubs_dead,0,0
534001,3,shrubs_dead,5,0.7
534001,3,shrubs_dead,0,0
534001,4,shrubs_dead,0,0
534001,4,shrubs_dead,0,0
533419,1,shrubs,15,0.7
533419,1,shrubs,60,0.6
533419,2,shrubs,0,0
533419,2,shrubs,10,0.3
533419,3,shrubs,40,1
533419,3,shrubs,15,0.7
533419,4,shrubs,15,0.5
533419,4,shrubs,10,0.5
533419,1,herbs,30,0.3
533419,1,herbs,15,0.2
533419,2,herbs,15,0.2
533419,2,herbs,45,0.3
533419,3,herbs,40,0.4
533419,3,herbs,70,0.5
533419,4,herbs,50,0.5
533419,4,herbs,30,0.3
533419,1,shrubs_dead,0,0
533419,1,shrubs_dead,0,0
533419,2,shrubs_dead,0,0
533419,2,shrubs_dead,0,0
533419,3,shrubs_dead,0,0
533419,3,shrubs_dead,0,0
533419,4,shrubs_dead,0,0
533419,4,shrubs_dead,0,0
534402,1,shrubs,0,0
534402,1,shrubs,0,0
534402,2,shrubs,5,0.6
534402,2,shrubs,5,0.3
534402,3,shrubs,10,1.8
534402,3,shrubs,25,1.7
534402,4,shrubs,5,0.6
534402,4,shrubs,0,0
534402,1,herbs,45,0.2
534402,1,herbs,50,0.2
534402,2,herbs,45,0.4
534402,2,herbs,60,0.3
534402,3,herbs,40,0.2
534402,3,herbs,35,0.25
534402,4,herbs,20,0.3
534402,4,herbs,95,0.1
534402,1,shrubs_dead,0,0
534402,1,shrubs_dead,0,0
534402,2,shrubs_dead,0,0
534402,2,shrubs_dead,0,0
534402,3,shrubs_dead,0,0
534402,3,shrubs_dead,0,0
534402,4,shrubs_dead,0,0
534402,4,shrubs_dead,0,0
554724,1,shrubs,20,0.8
554724,1,shrubs,10,0.7
554724,2,shrubs,10,0.7
554724,2,shrubs,20,1.6
554724,3,shrubs,30,1.6
554724,3,shrubs,0,0
554724,4,shrubs,20,1.2
554724,4,shrubs,30,0.8
554724,1,herbs,60,0.15
554724,1,herbs,20,0.15
554724,2,herbs,75,0.05
554724,2,herbs,50,0.05
554724,3,herbs,90,0.1
554724,3,herbs,55,0.15
554724,4,herbs,30,0.2
554724,4,herbs,35,0.2
554724,1,shrubs_dead,5,0.8
554724,1,shrubs_dead,0,0
554724,2,shrubs_dead,0,0
554724,2,shrubs_dead,10,1.6
554724,3,shrubs_dead,20,1.6
554724,3,shrubs_dead,0,0
554724,4,shrubs_dead,0,0
554724,4,shrubs_dead,0,0
556507,1,shrubs,30,0.6
556507,1,shrubs,0,0
556507,2,shrubs,40,0.7
556507,2,shrubs,15,0.3
556507,3,shrubs,50,1.7
556507,3,shrubs,45,1
556507,4,shrubs,30,1.2
556507,4,shrubs,45,1
556507,1,herbs,75,0.5
556507,1,herbs,50,0.4
556507,2,herbs,45,0.3
556507,2,herbs,65,0.3
556507,3,herbs,90,0.25
556507,3,herbs,80,0.15
556507,4,herbs,95,0.2
556507,4,herbs,90,0.15
556507,1,shrubs_dead,0,0
556507,1,shrubs_dead,0,0
556507,2,shrubs_dead,0,0
556507,2,shrubs_dead,0,0
556507,3,shrubs_dead,0,0
556507,3,shrubs_dead,0,0
556507,4,shrubs_dead,0,0
556507,4,shrubs_dead,0,0
538301,1,shrubs,5,0.3
538301,1,shrubs,0,0
538301,2,shrubs,10,0.6
538301,2,shrubs,20,0.5
538301,3,shrubs,10,0.7
538301,3,shrubs,25,1.5
538301,4,shrubs,25,1
538301,4,shrubs,20,1.8
538301,1,herbs,60,0.3
538301,1,herbs,30,0.3
538301,2,herbs,70,0.4
538301,2,herbs,50,0.2
538301,3,herbs,25,0.2
538301,3,herbs,10,0.1
538301,4,herbs,90,0.5
538301,4,herbs,90,0.7
538301,1,shrubs_dead,0,0
538301,1,shrubs_dead,0,0
538301,2,shrubs_dead,0,0
538301,2,shrubs_dead,0,0
538301,3,shrubs_dead,0,0
538301,3,shrubs_dead,0,0
538301,4,shrubs_dead,5,1
538301,4,shrubs_dead,5,1.8
541305,1,shrubs,10,1.3
541305,1,shrubs,15,1.4
541305,2,shrubs,25,1.2
541305,2,shrubs,10,0.6
541305,3,shrubs,0,0
541305,3,shrubs,15,1
541305,4,shrubs,40,1.5
541305,4,shrubs,10,0.3
541305,1,herbs,80,0.35
541305,1,herbs,40,0.3
541305,2,herbs,65,0.5
541305,2,herbs,35,0.3
541305,3,herbs,70,0.3
541305,3,herbs,40,0.2
541305,4,herbs,50,0.35
541305,4,herbs,80,0.4
541305,1,shrubs_dead,0,0
541305,1,shrubs_dead,0,0
541305,2,shrubs_dead,0,0
541305,2,shrubs_dead,0,0
541305,3,shrubs_dead,0,0
541305,3,shrubs_dead,0,0
541305,4,shrubs_dead,0,0
541305,4,shrubs_dead,0,0
541301,1,shrubs,15,0.9
541301,1,shrubs,0,0
541301,2,shrubs,5,0.2
541301,2,shrubs,10,0.6
541301,3,shrubs,10,0.5
541301,3,shrubs,5,0.5
541301,4,shrubs,25,0.4
541301,4,shrubs,0,0
541301,1,herbs,35,0.3
541301,1,herbs,5,0.1
541301,2,herbs,50,0.2
541301,2,herbs,70,0.9
541301,3,herbs,45,0.7
541301,3,herbs,90,0.3
541301,4,herbs,90,0.2
541301,4,herbs,100,0.03
541301,1,shrubs_dead,0,0
541301,1,shrubs_dead,0,0
541301,2,shrubs_dead,0,0
541301,2,shrubs_dead,0,0
541301,3,shrubs_dead,0,0
541301,3,shrubs_dead,0,0
541301,4,shrubs_dead,0,0
541301,4,shrubs_dead,0,0
541203,1,shrubs,10,1.6
541203,1,shrubs,30,1.7
541203,2,shrubs,3,0.6
541203,2,shrubs,3,0.3
541203,3,shrubs,25,0.6
541203,3,shrubs,15,0.3
541203,4,shrubs,15,0.7
541203,4,shrubs,10,0.5
541203,1,herbs,20,0.1
541203,1,herbs,5,0.1
541203,2,herbs,20,0.15
541203,2,herbs,70,0.2
541203,3,herbs,15,0.2
541203,3,herbs,50,0.3
541203,4,herbs,60,0.3
541203,4,herbs,90,0.1
541203,1,shrubs_dead,2,1.6
541203,1,shrubs_dead,0,0
541203,2,shrubs_dead,0,0
541203,2,shrubs_dead,0,0
541203,3,shrubs_dead,0,0
541203,3,shrubs_dead,0,0
541203,4,shrubs_dead,0,0
541203,4,shrubs_dead,0,0
542609,1,shrubs,35,1.6
542609,1,shrubs,10,0.7
542609,2,shrubs,0,0
542609,2,shrubs,40,1.8
542609,3,shrubs,0,0
542609,3,shrubs,0,0
542609,4,shrubs,10,1.8
542609,4,shrubs,0,0
542609,1,herbs,60,0.15
542609,1,herbs,90,0.3
542609,2,herbs,90,0.3
542609,2,herbs,80,0.25
542609,3,herbs,85,0.25
542609,3,herbs,85,0.3
542609,4,herbs,80,0.4
542609,4,herbs,65,0.3
542609,1,shrubs_dead,0,0
542609,1,shrubs_dead,0,0
542609,2,shrubs_dead,0,0
542609,2,shrubs_dead,0,0
542609,3,shrubs_dead,0,0
542609,3,shrubs_dead,0,0
542609,4,shrubs_dead,0,0
542609,4,shrubs_dead,0,0
556710,1,shrubs,5,0.4
556710,1,shrubs,2,0.4
556710,2,shrubs,0,0
556710,2,shrubs,0,0
556710,3,shrubs,0,0
556710,3,shrubs,0,0
556710,4,shrubs,0,0
556710,4,shrubs,0,0
556710,1,herbs,60,0.03
556710,1,herbs,70,0.03
556710,2,herbs,3,0.05
556710,2,herbs,70,0.03
556710,3,herbs,2,0.1
556710,3,herbs,25,0.1
556710,4,herbs,5,0.03
556710,4,herbs,10,0.03
556710,1,shrubs_dead,0,0
556710,1,shrubs_dead,0,0
556710,2,shrubs_dead,0,0
556710,2,shrubs_dead,0,0
556710,3,shrubs_dead,0,0
556710,3,shrubs_dead,0,0
556710,4,shrubs_dead,0,0
556710,4,shrubs_dead,0,0
556704,1,shrubs,50,1.3
556704,1,shrubs,20,1.2
556704,2,shrubs,100,1.6
556704,2,shrubs,0,0
556704,3,shrubs,0,0
556704,3,shrubs,20,0.8
556704,4,shrubs,25,0.7
556704,4,shrubs,10,0.7
556704,1,herbs,60,0.25
556704,1,herbs,70,0.3
556704,2,herbs,10,0.3
556704,2,herbs,60,0.2
556704,3,herbs,70,0.6
556704,3,herbs,40,0.25
556704,4,herbs,45,0.4
556704,4,herbs,70,0.3
556704,1,shrubs_dead,10,1.3
556704,1,shrubs_dead,0,0
556704,2,shrubs_dead,0,0
556704,2,shrubs_dead,0,0
556704,3,shrubs_dead,0,0
556704,3,shrubs_dead,0,0
556704,4,shrubs_dead,0,0
556704,4,shrubs_dead,0,0
558311,1,shrubs,0,0
558311,1,shrubs,7,1
558311,2,shrubs,5,1.2
558311,2,shrubs,55,1.6
558311,3,shrubs,5,1.7
558311,3,shrubs,0,0
558311,4,shrubs,4,0.7
558311,4,shrubs,0,0
558311,1,herbs,45,0.2
558311,1,herbs,90,0.5
558311,2,herbs,5,0.3
558311,2,herbs,7,0.15
558311,3,herbs,40,0.3
558311,3,herbs,40,0.55
558311,4,herbs,90,0.45
558311,4,herbs,100,0.03
558311,1,shrubs_dead,0,0
558311,1,shrubs_dead,0,0
558311,2,shrubs_dead,0,0
558311,2,shrubs_dead,0,0
558311,3,shrubs_dead,0,0
558311,3,shrubs_dead,0,0
558311,4,shrubs_dead,0,0
558311,4,shrubs_dead,0,0
538303,1,shrubs,40,1.6
538303,1,shrubs,15,1.3
538303,2,shrubs,10,0.8
538303,2,shrubs,5,1
538303,3,shrubs,30,1.6
538303,3,shrubs,5,0.3
538303,4,shrubs,5,0.4
538303,4,shrubs,5,0.8
538303,1,herbs,10,0.15
538303,1,herbs,80,0.4
538303,2,herbs,80,0.2
538303,2,herbs,50,0.25
538303,3,herbs,15,0.2
538303,3,herbs,20,0.15
538303,4,herbs,100,0.2
538303,4,herbs,5,0.15
538303,1,shrubs_dead,0,0
538303,1,shrubs_dead,0,0
538303,2,shrubs_dead,0,0
538303,2,shrubs_dead,0,0
538303,3,shrubs_dead,0,0
538303,3,shrubs_dead,0,0
538303,4,shrubs_dead,0,0
538303,4,shrubs_dead,0,0
207303,1,shrubs,10,1.4
207303,1,shrubs,5,0.3
207303,2,shrubs,45,0.9
207303,2,shrubs,15,0.4
207303,3,shrubs,25,0.5
207303,3,shrubs,10,0.9
207303,4,shrubs,10,0.3
207303,4,shrubs,5,0.4
207303,1,herbs,80,0.15
207303,1,herbs,45,0.2
207303,2,herbs,5,0.05
207303,2,herbs,25,0.15
207303,3,herbs,30,0.25
207303,3,herbs,25,0.25
207303,4,herbs,15,0.2
207303,4,herbs,15,0.3
207303,1,shrubs_dead,0,0
207303,1,shrubs_dead,0,0
207303,2,shrubs_dead,0,0
207303,2,shrubs_dead,0,0
207303,3,shrubs_dead,0,0
207303,3,shrubs_dead,0,0
207303,4,shrubs_dead,0,0
207303,4,shrubs_dead,0,0
533617,1,shrubs,60,1.8
533617,1,shrubs,3,0.6
533617,2,shrubs,50,1.7
533617,2,shrubs,60,1.7
533617,3,shrubs,0,0
533617,3,shrubs,20,0.7
533617,4,shrubs,30,0.9
533617,4,shrubs,0,0
533617,1,herbs,3,0.1
533617,1,herbs,45,0.15
533617,2,herbs,15,0.15
533617,2,herbs,50,0.2
533617,3,herbs,20,0.2
533617,3,herbs,20,0.2
533617,4,herbs,35,0.3
533617,4,herbs,10,0.3
533617,1,shrubs_dead,0,0
533617,1,shrubs_dead,0,0
533617,2,shrubs_dead,0,0
533617,2,shrubs_dead,0,0
533617,3,shrubs_dead,0,0
533617,3,shrubs_dead,0,0
533617,4,shrubs_dead,0,0
533617,4,shrubs_dead,0,0
206708,1,shrubs,40,1.4
206708,1,shrubs,0,0
206708,2,shrubs,40,1.8
206708,2,shrubs,20,1.8
206708,3,shrubs,5,0.6
206708,3,shrubs,25,1.8
206708,4,shrubs,15,1.5
206708,4,shrubs,20,1.6
206708,1,herbs,5,0.05
206708,1,herbs,80,0.1
206708,2,herbs,1,0.05
206708,2,herbs,20,0.05
206708,3,herbs,40,0.07
206708,3,herbs,25,0.07
206708,4,herbs,1,0.05
206708,4,herbs,1,0.1
206708,1,shrubs_dead,10,1.4
206708,1,shrubs_dead,0,0
206708,2,shrubs_dead,0,0
206708,2,shrubs_dead,0,0
206708,3,shrubs_dead,0,0
206708,3,shrubs_dead,0,0
206708,4,shrubs_dead,0,0
206708,4,shrubs_dead,0,0
524917,1,shrubs,40,1.8
524917,1,shrubs,20,1.2
524917,2,shrubs,25,1.5
524917,2,shrubs,0,0
524917,3,shrubs,10,1.6
524917,3,shrubs,0,0
524917,4,shrubs,0,0
524917,4,shrubs,0,0
524917,1,herbs,3,0.15
524917,1,herbs,5,0.2
524917,2,herbs,3,0.15
524917,2,herbs,5,0.15
524917,3,herbs,5,0.15
524917,3,herbs,40,0.2
524917,4,herbs,2,0.1
524917,4,herbs,15,0.2
524917,1,shrubs_dead,20,1.8
524917,1,shrubs_dead,0,0
524917,2,shrubs_dead,0,0
524917,2,shrubs_dead,0,0
524917,3,shrubs_dead,5,1.6
524917,3,shrubs_dead,0,0
524917,4,shrubs_dead,0,0
524917,4,shrubs_dead,0,0
525920,1,shrubs,0,0
525920,1,shrubs,50,1.6
525920,2,shrubs,40,1.8
525920,2,shrubs,0,0
525920,3,shrubs,0,0
525920,3,shrubs,10,0.5
525920,4,shrubs,0,0
525920,4,shrubs,0,0
525920,1,herbs,50,0.3
525920,1,herbs,60,0.3
525920,2,herbs,50,0.3
525920,2,herbs,90,0.25
525920,3,herbs,60,0.2
525920,3,herbs,60,0.3
525920,4,herbs,60,0.2
525920,4,herbs,90,0.2
525920,1,shrubs_dead,0,0
525920,1,shrubs_dead,0,0
525920,2,shrubs_dead,0,0
525920,2,shrubs_dead,0,0
525920,3,shrubs_dead,0,0
525920,3,shrubs_dead,0,0
525920,4,shrubs_dead,0,0
525920,4,shrubs_dead,0,0
527207,1,shrubs,25,1.2
527207,1,shrubs,0,0
527207,2,shrubs,30,1
527207,2,shrubs,10,0.5
527207,3,shrubs,15,1.2
527207,3,shrubs,45,1.2
527207,4,shrubs,70,1.8
527207,4,shrubs,40,1.2
527207,1,herbs,40,0.25
527207,1,herbs,60,0.3
527207,2,herbs,5,0.2
527207,2,herbs,30,0.2
527207,3,herbs,20,0.2
527207,3,herbs,5,0.1
527207,4,herbs,0,0
527207,4,herbs,25,0.3
527207,1,shrubs_dead,0,0
527207,1,shrubs_dead,0,0
527207,2,shrubs_dead,0,0
527207,2,shrubs_dead,0,0
527207,3,shrubs_dead,0,0
527207,3,shrubs_dead,0,0
527207,4,shrubs_dead,0,0
527207,4,shrubs_dead,0,0
205522,1,shrubs,0,0
205522,1,shrubs,0,0
205522,2,shrubs,5,0.3
205522,2,shrubs,10,0.3
205522,3,shrubs,5,0.4
205522,3,shrubs,0,0
205522,4,shrubs,15,1
205522,4,shrubs,5,1.6
205522,1,herbs,20,0.15
205522,1,herbs,65,0.2
205522,2,herbs,70,0.15
205522,2,herbs,55,0.3
205522,3,herbs,40,0.05
205522,3,herbs,55,0.15
205522,4,herbs,30,0.1
205522,4,herbs,25,0.3
205522,1,shrubs_dead,0,0
205522,1,shrubs_dead,0,0
205522,2,shrubs_dead,0,0
205522,2,shrubs_dead,0,0
205522,3,shrubs_dead,0,0
205522,3,shrubs_dead,0,0
205522,4,shrubs_dead,0,0
205522,4,shrubs_dead,0,0
535902,1,shrubs,5,1.2
535902,1,shrubs,45,0.8
535902,2,shrubs,60,0.7
535902,2,shrubs,15,0.6
535902,3,shrubs,25,1.5
535902,3,shrubs,0,0
535902,4,shrubs,0,0
535902,4,shrubs,0,0
535902,1,herbs,60,0.2
535902,1,herbs,80,0.2
535902,2,herbs,35,0.25
535902,2,herbs,15,0.15
535902,3,herbs,60,0.2
535902,3,herbs,80,0.25
535902,4,herbs,70,0.25
535902,4,herbs,50,0.3
535902,1,shrubs_dead,0,0
535902,1,shrubs_dead,0,0
535902,2,shrubs_dead,0,0
535902,2,shrubs_dead,0,0
535902,3,shrubs_dead,0,0
535902,3,shrubs_dead,0,0
535902,4,shrubs_dead,0,0
535902,4,shrubs_dead,0,0
534901,1,shrubs,85,1.7
534901,1,shrubs,20,0.5
534901,2,shrubs,5,0.9
534901,2,shrubs,5,1.8
534901,3,shrubs,5,0.3
534901,3,shrubs,5,0.5
534901,4,shrubs,25,0.7
534901,4,shrubs,40,1.5
534901,1,herbs,10,0.15
534901,1,herbs,55,0.1
534901,2,herbs,70,0.15
534901,2,herbs,80,0.3
534901,3,herbs,60,0.35
534901,3,herbs,70,0.35
534901,4,herbs,80,0.3
534901,4,herbs,40,0.25
534901,1,shrubs_dead,0,0
534901,1,shrubs_dead,0,0
534901,2,shrubs_dead,0,0
534901,2,shrubs_dead,1,1.8
534901,3,shrubs_dead,0,0
534901,3,shrubs_dead,0,0
534901,4,shrubs_dead,0,0
534901,4,shrubs_dead,0,0
533117,1,shrubs,45,0.7
533117,1,shrubs,40,1.1
533117,2,shrubs,65,1.6
533117,2,shrubs,30,1.4
533117,3,shrubs,50,1.3
533117,3,shrubs,0,0
533117,4,shrubs,35,1.5
533117,4,shrubs,50,0.9
533117,1,herbs,10,0.5
533117,1,herbs,15,0.2
533117,2,herbs,25,0.1
533117,2,herbs,15,0.15
533117,3,herbs,35,0.15
533117,3,herbs,90,0.4
533117,4,herbs,40,0.4
533117,4,herbs,42,0.25
533117,1,shrubs_dead,0,0
533117,1,shrubs_dead,0,0
533117,2,shrubs_dead,0,0
533117,2,shrubs_dead,0,0
533117,3,shrubs_dead,0,0
533117,3,shrubs_dead,0,0
533117,4,shrubs_dead,0,0
533117,4,shrubs_dead,0,0
534420,1,shrubs,5,0.6
534420,1,shrubs,70,1.7
534420,2,shrubs,80,1.8
534420,2,shrubs,60,1.6
534420,3,shrubs,10,1
534420,3,shrubs,0,0
534420,4,shrubs,10,1
534420,4,shrubs,0,0
534420,1,herbs,50,0.2
534420,1,herbs,15,0.3
534420,2,herbs,5,0.1
534420,2,herbs,20,0.2
534420,3,herbs,60,0.3
534420,3,herbs,50,0.35
534420,4,herbs,50,0.3
534420,4,herbs,70,0.4
534420,1,shrubs_dead,0,0
534420,1,shrubs_dead,0,0
534420,2,shrubs_dead,0,0
534420,2,shrubs_dead,0,0
534420,3,shrubs_dead,0,0
534420,3,shrubs_dead,0,0
534420,4,shrubs_dead,0,0
534420,4,shrubs_dead,0,0
533508,1,shrubs,3,0.3
533508,1,shrubs,3,0.4
533508,2,shrubs,20,1
533508,2,shrubs,0,0
533508,3,shrubs,0,0
533508,3,shrubs,45,1.8
533508,4,shrubs,0,0
533508,4,shrubs,20,1
533508,1,herbs,60,0.2
533508,1,herbs,45,0.15
533508,2,herbs,30,0.3
533508,2,herbs,30,0.4
533508,3,herbs,60,0.35
533508,3,herbs,40,0.25
533508,4,herbs,70,0.3
533508,4,herbs,15,0.25
533508,1,shrubs_dead,0,0
533508,1,shrubs_dead,0,0
533508,2,shrubs_dead,5,1
533508,2,shrubs_dead,0,0
533508,3,shrubs_dead,0,0
533508,3,shrubs_dead,0,0
533508,4,shrubs_dead,0,0
533508,4,shrubs_dead,0,0
541303,1,shrubs,15,0.9
541303,1,shrubs,5,0.6
541303,2,shrubs,2,0.2
541303,2,shrubs,5,1
541303,3,shrubs,2,0.6
541303,3,shrubs,5,1.5
541303,4,shrubs,50,1.8
541303,4,shrubs,30,1.8
541303,1,herbs,40,0.4
541303,1,herbs,20,0.3
541303,2,herbs,80,0.4
541303,2,herbs,60,0.5
541303,3,herbs,90,0.6
541303,3,herbs,90,0.3
541303,4,herbs,40,0.2
541303,4,herbs,40,0.2
541303,1,shrubs_dead,0,0
541303,1,shrubs_dead,0,0
541303,2,shrubs_dead,0,0
541303,2,shrubs_dead,0,0
541303,3,shrubs_dead,0,0
541303,3,shrubs_dead,0,0
541303,4,shrubs_dead,0,0
541303,4,shrubs_dead,10,1.8
554725,1,shrubs,70,1.8
554725,1,shrubs,15,1.8
554725,2,shrubs,20,1.5
554725,2,shrubs,50,1.8
554725,3,shrubs,15,0.6
554725,3,shrubs,30,1.4
554725,4,shrubs,20,0.8
554725,4,shrubs,10,0.7
554725,1,herbs,45,0.2
554725,1,herbs,75,0.3
554725,2,herbs,35,0.45
554725,2,herbs,10,0.1
554725,3,herbs,5,0.15
554725,3,herbs,15,0.15
554725,4,herbs,80,0.25
554725,4,herbs,70,0.2
554725,1,shrubs_dead,0,0
554725,1,shrubs_dead,0,0
554725,2,shrubs_dead,0,0
554725,2,shrubs_dead,0,0
554725,3,shrubs_dead,0,0
554725,3,shrubs_dead,50,1.4
554725,4,shrubs_dead,0,0
554725,4,shrubs_dead,0,0
558106,1,shrubs,40,1.8
558106,1,shrubs,0,0
558106,2,shrubs,10,1
558106,2,shrubs,90,1.8
558106,3,shrubs,5,0.3
558106,3,shrubs,80,1.3
558106,4,shrubs,5,0.4
558106,4,shrubs,2,0.1
558106,1,herbs,20,0.35
558106,1,herbs,50,0.4
558106,2,herbs,45,0.5
558106,2,herbs,15,0.2
558106,3,herbs,10,0.15
558106,3,herbs,40,0.4
558106,4,herbs,100,0.3
558106,4,herbs,95,0.2
558106,1,shrubs_dead,5,1.8
558106,1,shrubs_dead,0,0
558106,2,shrubs_dead,0,0
558106,2,shrubs_dead,0,0
558106,3,shrubs_dead,0,0
558106,3,shrubs_dead,0,0
558106,4,shrubs_dead,0,0
558106,4,shrubs_dead,0,0
206202,1,shrubs,25,1.8
206202,1,shrubs,55,1.8
206202,2,shrubs,20,1.4
206202,2,shrubs,10,1.5
206202,3,shrubs,30,1.8
206202,3,shrubs,10,0.8
206202,4,shrubs,30,1.8
206202,4,shrubs,20,1.5
206202,1,herbs,55,0.15
206202,1,herbs,60,0.15
206202,2,herbs,70,0.2
206202,2,herbs,45,0.2
206202,3,herbs,80,0.15
206202,3,herbs,65,0.2
206202,4,herbs,50,0.3
206202,4,herbs,65,0.4
206202,1,shrubs_dead,0,0
206202,1,shrubs_dead,0,0
206202,2,shrubs_dead,0,0
206202,2,shrubs_dead,0,0
206202,3,shrubs_dead,0,0
206202,3,shrubs_dead,0,0
206202,4,shrubs_dead,0,0
206202,4,shrubs_dead,2,1.5
534706,1,shrubs,5,1.8
534706,1,shrubs,55,1.6
534706,2,shrubs,0,0
534706,2,shrubs,5,0.7
534706,3,shrubs,0,0
534706,3,shrubs,10,0.6
534706,4,shrubs,0,0
534706,4,shrubs,20,1.8
534706,1,herbs,60,0.15
534706,1,herbs,45,0.2
534706,2,herbs,75,0.35
534706,2,herbs,55,0.1
534706,3,herbs,70,0.25
534706,3,herbs,45,0.2
534706,4,herbs,60,0.3
534706,4,herbs,50,0.2
534706,1,shrubs_dead,0,0
534706,1,shrubs_dead,0,0
534706,2,shrubs_dead,0,0
534706,2,shrubs_dead,0,0
534706,3,shrubs_dead,0,0
534706,3,shrubs_dead,0,0
534706,4,shrubs_dead,0,0
534706,4,shrubs_dead,0,0
530906,1,shrubs,60,0.4
530906,1,shrubs,90,1.8
530906,2,shrubs,80,1.5
530906,2,shrubs,40,1
530906,3,shrubs,0,0
530906,3,shrubs,20,0.7
530906,4,shrubs,35,0.9
530906,4,shrubs,20,1.5
530906,1,herbs,40,0.15
530906,1,herbs,30,0.1
530906,2,herbs,25,0.3
530906,2,herbs,45,0.25
530906,3,herbs,70,0.4
530906,3,herbs,80,0.35
530906,4,herbs,45,0.4
530906,4,herbs,75,0.5
530906,1,shrubs_dead,0,0
530906,1,shrubs_dead,40,1.6
530906,2,shrubs_dead,0,0
530906,2,shrubs_dead,0,0
530906,3,shrubs_dead,0,0
530906,3,shrubs_dead,0,0
530906,4,shrubs_dead,0,0
530906,4,shrubs_dead,0,0
531002,1,shrubs,0,0
531002,1,shrubs,40,0.4
531002,2,shrubs,15,0.5
531002,2,shrubs,5,0.4
531002,3,shrubs,10,0.9
531002,3,shrubs,5,0.6
531002,4,shrubs,5,1.6
531002,4,shrubs,10,1.2
531002,1,herbs,85,0.6
531002,1,herbs,75,0.3
531002,2,herbs,90,0.2
531002,2,herbs,70,0.2
531002,3,herbs,50,0.4
531002,3,herbs,70,0.4
531002,4,herbs,80,0.25
531002,4,herbs,75,0.3
531002,1,shrubs_dead,0,0
531002,1,shrubs_dead,0,0
531002,2,shrubs_dead,0,0
531002,2,shrubs_dead,0,0
531002,3,shrubs_dead,0,0
531002,3,shrubs_dead,0,0
531002,4,shrubs_dead,0,0
531002,4,shrubs_dead,0,0
531008,1,shrubs,50,1.8
531008,1,shrubs,25,0.3
531008,2,shrubs,20,0.9
531008,2,shrubs,60,1.8
531008,3,shrubs,0,0
531008,3,shrubs,5,1.5
531008,4,shrubs,0,0
531008,4,shrubs,70,1.8
531008,1,herbs,70,0.3
531008,1,herbs,40,0.5
531008,2,herbs,67,0.3
531008,2,herbs,5,0.1
531008,3,herbs,80,0.45
531008,3,herbs,70,0.45
531008,4,herbs,90,0.5
531008,4,herbs,50,0.1
531008,1,shrubs_dead,0,0
531008,1,shrubs_dead,0,0
531008,2,shrubs_dead,0,0
531008,2,shrubs_dead,0,0
531008,3,shrubs_dead,0,0
531008,3,shrubs_dead,2,1.5
531008,4,shrubs_dead,0,0
531008,4,shrubs_dead,0,0
529821,1,shrubs,40,1.8
529821,1,shrubs,20,0.5
529821,2,shrubs,70,1.8
529821,2,shrubs,30,1.8
529821,3,shrubs,40,1.2
529821,3,shrubs,0,0
529821,4,shrubs,40,0.7
529821,4,shrubs,0,0
529821,1,herbs,70,0.25
529821,1,herbs,65,0.3
529821,2,herbs,60,0.2
529821,2,herbs,45,0.2
529821,3,herbs,45,0.4
529821,3,herbs,60,0.35
529821,4,herbs,40,0.3
529821,4,herbs,80,0.4
529821,1,shrubs_dead,0,0
529821,1,shrubs_dead,0,0
529821,2,shrubs_dead,0,0
529821,2,shrubs_dead,0,0
529821,3,shrubs_dead,0,0
529821,3,shrubs_dead,0,0
529821,4,shrubs_dead,0,0
529821,4,shrubs_dead,0,0
529714,1,shrubs,5,0.3
529714,1,shrubs,10,0.3
529714,2,shrubs,60,1.5
529714,2,shrubs,20,0.9
529714,3,shrubs,0,0
529714,3,shrubs,15,0.3
529714,4,shrubs,5,0.2
529714,4,shrubs,10,1.6
529714,1,herbs,75,0.3
529714,1,herbs,50,0.2
529714,2,herbs,30,0.3
529714,2,herbs,20,0.3
529714,3,herbs,60,0.2
529714,3,herbs,30,0.3
529714,4,herbs,50,0.3
529714,4,herbs,70,0.4
529714,1,shrubs_dead,0,0
529714,1,shrubs_dead,0,0
529714,2,shrubs_dead,0,0
529714,2,shrubs_dead,0,0
529714,3,shrubs_dead,0,0
529714,3,shrubs_dead,0,0
529714,4,shrubs_dead,0,0
529714,4,shrubs_dead,0,0
529702,1,shrubs,60,1.3
529702,1,shrubs,45,0.5
529702,2,shrubs,10,0.6
529702,2,shrubs,0,0
529702,3,shrubs,15,0.6
529702,3,shrubs,15,1.6
529702,4,shrubs,5,0.3
529702,4,shrubs,10,0.9
529702,1,herbs,55,0.2
529702,1,herbs,60,0.4
529702,2,herbs,50,0.3
529702,2,herbs,90,0.5
529702,3,herbs,65,0.3
529702,3,herbs,25,0.3
529702,4,herbs,90,0.4
529702,4,herbs,90,0.4
529702,1,shrubs_dead,0,0
529702,1,shrubs_dead,0,0
529702,2,shrubs_dead,0,0
529702,2,shrubs_dead,0,0
529702,3,shrubs_dead,0,0
529702,3,shrubs_dead,0,0
529702,4,shrubs_dead,0,0
529702,4,shrubs_dead,0,0
529607,1,shrubs,45,0.7
529607,1,shrubs,85,1.8
529607,2,shrubs,80,0.7
529607,2,shrubs,85,0.6
529607,3,shrubs,10,0.7
529607,3,shrubs,15,0.4
529607,4,shrubs,10,1.6
529607,4,shrubs,80,1.8
529607,1,herbs,30,0.3
529607,1,herbs,45,0.2
529607,2,herbs,60,0.2
529607,2,herbs,65,0.2
529607,3,herbs,60,0.3
529607,3,herbs,55,0.15
529607,4,herbs,45,0.2
529607,4,herbs,10,0.25
529607,1,shrubs_dead,0,0
529607,1,shrubs_dead,0,0
529607,2,shrubs_dead,0,0
529607,2,shrubs_dead,0,0
529607,3,shrubs_dead,0,0
529607,3,shrubs_dead,0,0
529607,4,shrubs_dead,0,0
529607,4,shrubs_dead,20,1.8
527103,1,shrubs,35,0.6
527103,1,shrubs,20,1
527103,2,shrubs,40,1.2
527103,2,shrubs,5,0.6
527103,3,shrubs,0,0
527103,3,shrubs,15,1.2
527103,4,shrubs,0,0
527103,4,shrubs,70,1.4
527103,1,herbs,50,0.2
527103,1,herbs,30,0.2
527103,2,herbs,50,0.2
527103,2,herbs,40,0.2
527103,3,herbs,40,0.25
527103,3,herbs,40,0.3
527103,4,herbs,70,0.2
527103,4,herbs,40,0.2
527103,1,shrubs_dead,0,0
527103,1,shrubs_dead,0,0
527103,2,shrubs_dead,0,0
527103,2,shrubs_dead,0,0
527103,3,shrubs_dead,0,0
527103,3,shrubs_dead,0,0
527103,4,shrubs_dead,0,0
527103,4,shrubs_dead,0,0
525913,1,shrubs,65,1.6
525913,1,shrubs,80,1.7
525913,2,shrubs,10,1.1
525913,2,shrubs,70,1.5
525913,3,shrubs,20,1
525913,3,shrubs,25,1
525913,4,shrubs,60,1.1
525913,4,shrubs,10,1.6
525913,1,herbs,40,0.2
525913,1,herbs,10,0.2
525913,2,herbs,5,0.1
525913,2,herbs,10,0.2
525913,3,herbs,30,0.3
525913,3,herbs,60,0.25
525913,4,herbs,15,0.25
525913,4,herbs,60,0.25
525913,1,shrubs_dead,0,0
525913,1,shrubs_dead,0,0
525913,2,shrubs_dead,0,0
525913,2,shrubs_dead,0,0
525913,3,shrubs_dead,0,0
525913,3,shrubs_dead,0,0
525913,4,shrubs_dead,0,0
525913,4,shrubs_dead,0,0
528403,1,shrubs,30,1.4
528403,1,shrubs,5,0.4
528403,2,shrubs,30,1.2
528403,2,shrubs,20,1.2
528403,3,shrubs,0,0
528403,3,shrubs,10,1
528403,4,shrubs,20,1.5
528403,4,shrubs,5,0.3
528403,1,herbs,35,0.3
528403,1,herbs,40,0.1
528403,2,herbs,20,0.1
528403,2,herbs,40,0.2
528403,3,herbs,60,0.3
528403,3,herbs,70,0.3
528403,4,herbs,40,0.2
528403,4,herbs,65,0.2
528403,1,shrubs_dead,0,0
528403,1,shrubs_dead,0,0
528403,2,shrubs_dead,0,0
528403,2,shrubs_dead,0,0
528403,3,shrubs_dead,0,0
528403,3,shrubs_dead,0,0
528403,4,shrubs_dead,0,0
528403,4,shrubs_dead,0,0
1,1,shrubs,0,0
1,1,shrubs,20,1.4
1,2,shrubs,15,0.4
1,2,shrubs,0,0
1,3,shrubs,50,1.8
1,3,shrubs,40,1.8
1,4,shrubs,35,1.7
1,4,shrubs,30,1.5
1,1,herbs,90,0.2
1,1,herbs,70,0.2
1,2,herbs,10,0.1
1,2,herbs,15,0.3
1,3,herbs,40,0.2
1,3,herbs,1,0.1
1,4,herbs,30,0.25
1,4,herbs,50,0.6
1,1,shrubs_dead,0,0
1,1,shrubs_dead,0,0
1,2,shrubs_dead,0,0
1,2,shrubs_dead,0,0
1,3,shrubs_dead,0,0
1,3,shrubs_dead,0,0
1,4,shrubs_dead,0,0
1,4,shrubs_dead,0,0
526701,1,shrubs,7,1.3
526701,1,shrubs,5,0.4
526701,2,shrubs,45,1.8
526701,2,shrubs,30,1.5
526701,3,shrubs,1,1.8
526701,3,shrubs,1,0.5
526701,4,shrubs,40,1.3
526701,4,shrubs,30,1.7
526701,1,herbs,15,0.15
526701,1,herbs,45,0.25
526701,2,herbs,5,0.1
526701,2,herbs,10,0.1
526701,3,herbs,20,0.1
526701,3,herbs,55,0.2
526701,4,herbs,10,0.1
526701,4,herbs,30,0.2
526701,1,shrubs_dead,0,0
526701,1,shrubs_dead,0,0
526701,2,shrubs_dead,0,0
526701,2,shrubs_dead,0,0
526701,3,shrubs_dead,0,0
526701,3,shrubs_dead,0,0
526701,4,shrubs_dead,0,0
526701,4,shrubs_dead,0,0
556809,1,shrubs,5,1
556809,1,shrubs,80,1.8
556809,2,shrubs,80,1.8
556809,2,shrubs,5,0.5
556809,3,shrubs,70,1.8
556809,3,shrubs,80,1.8
556809,4,shrubs,5,0.6
556809,4,shrubs,40,1.5
556809,1,herbs,40,0.05
556809,1,herbs,5,0.05
556809,2,herbs,20,0.1
556809,2,herbs,25,0.15
556809,3,herbs,20,0.2
556809,3,herbs,10,0.1
556809,4,herbs,10,0.25
556809,4,herbs,90,0.6
556809,1,shrubs_dead,0,0
556809,1,shrubs_dead,0,0
556809,2,shrubs_dead,0,0
556809,2,shrubs_dead,0,0
556809,3,shrubs_dead,0,0
556809,3,shrubs_dead,0,0
556809,4,shrubs_dead,0,0
556809,4,shrubs_dead,5,1.5
2,1,shrubs,70,1.8
2,1,shrubs,60,1.8
2,2,shrubs,70,1.8
2,2,shrubs,75,1.8
2,3,shrubs,40,1.5
2,3,shrubs,40,1
2,4,shrubs,80,1.8
2,4,shrubs,80,1.6
2,1,herbs,5,0.05
2,1,herbs,20,0.15
2,2,herbs,10,0.1
2,2,herbs,50,0.1
2,3,herbs,5,0.2
2,3,herbs,5,0.1
2,4,herbs,65,0.1
2,4,herbs,5,0.1
2,1,shrubs_dead,0,0
2,1,shrubs_dead,0,0
2,2,shrubs_dead,0,0
2,2,shrubs_dead,0,0
2,3,shrubs_dead,5,1.5
2,3,shrubs_dead,15,1
2,4,shrubs_dead,0,0
2,4,shrubs_dead,0,0
3,1,shrubs,3,0.7
3,1,shrubs,20,0.8
3,2,shrubs,70,1.8
3,2,shrubs,80,1.7
3,3,shrubs,70,1.7
3,3,shrubs,50,1
3,4,shrubs,50,1.8
3,4,shrubs,50,1.8
3,1,herbs,75,0.2
3,1,herbs,15,0.1
3,2,herbs,2,0.1
3,2,herbs,5,0.15
3,3,herbs,40,0.25
3,3,herbs,50,0.4
3,4,herbs,35,0.25
3,4,herbs,15,0.15
3,1,shrubs_dead,0,0
3,1,shrubs_dead,0,0
3,2,shrubs_dead,0,0
3,2,shrubs_dead,0,0
3,3,shrubs_dead,0,0
3,3,shrubs_dead,10,1
3,4,shrubs_dead,0,0
3,4,shrubs_dead,0,0
4,1,shrubs,70,1.8
4,1,shrubs,50,1.6
4,2,shrubs,45,1.6
4,2,shrubs,55,1.8
4,3,shrubs,45,1.5
4,3,shrubs,10,0.5
4,4,shrubs,80,1.6
4,4,shrubs,75,1.8
4,1,herbs,5,0.1
4,1,herbs,5,0.1
4,2,herbs,35,0.2
4,2,herbs,40,0.15
4,3,herbs,15,0.2
4,3,herbs,65,0.25
4,4,herbs,15,0.1
4,4,herbs,10,0.07
4,1,shrubs_dead,0,0
4,1,shrubs_dead,0,0
4,2,shrubs_dead,0,0
4,2,shrubs_dead,2,1.8
4,3,shrubs_dead,5,1.5
4,3,shrubs_dead,0,0
4,4,shrubs_dead,10,1.6
4,4,shrubs_dead,10,1.8
5,1,shrubs,5,1.6
5,1,shrubs,0,0
5,2,shrubs,60,1.8
5,2,shrubs,45,1.8
5,3,shrubs,50,1.8
5,3,shrubs,70,1.5
5,4,shrubs,75,1.8
5,4,shrubs,45,1.6
5,1,herbs,3,0.05
5,1,herbs,25,0.05
5,2,herbs,35,0.07
5,2,herbs,25,0.1
5,3,herbs,2,0.05
5,3,herbs,5,0.1
5,4,herbs,45,0.3
5,4,herbs,10,0.15
5,1,shrubs_dead,0,0
5,1,shrubs_dead,0,0
5,2,shrubs_dead,0,0
5,2,shrubs_dead,0,0
5,3,shrubs_dead,0,0
5,3,shrubs_dead,0,0
5,4,shrubs_dead,2,1.8
5,4,shrubs_dead,0,0
6,1,shrubs,80,1.8
6,1,shrubs,75,1.8
6,2,shrubs,80,1.8
6,2,shrubs,65,1.8
6,3,shrubs,85,1.8
6,3,shrubs,95,1.8
6,4,shrubs,75,1.8
6,4,shrubs,80,1.8
6,1,herbs,35,0.05
6,1,herbs,65,0.1
6,2,herbs,15,0.1
6,2,herbs,5,0.05
6,3,herbs,15,0.05
6,3,herbs,15,0.05
6,4,herbs,35,0.1
6,4,herbs,5,0.1
6,1,shrubs_dead,60,1.8
6,1,shrubs_dead,55,1.8
6,2,shrubs_dead,35,0.5
6,2,shrubs_dead,10,0.5
6,3,shrubs_dead,5,0.9
6,3,shrubs_dead,15,1.8
6,4,shrubs_dead,10,0.6
6,4,shrubs_dead,40,0.6
7,1,shrubs,85,1.8
7,1,shrubs,35,1.8
7,2,shrubs,35,1.8
7,2,shrubs,85,1.8
7,3,shrubs,70,1.8
7,3,shrubs,50,1.8
7,4,shrubs,70,1.8
7,4,shrubs,0,0
7,1,herbs,5,0.05
7,1,herbs,10,0.1
7,2,herbs,10,0.1
7,2,herbs,10,0.1
7,3,herbs,20,0.1
7,3,herbs,5,0.15
7,4,herbs,5,0.1
7,4,herbs,70,0.4
7,1,shrubs_dead,3,0.9
7,1,shrubs_dead,20,0.5
7,2,shrubs_dead,5,0.5
7,2,shrubs_dead,25,1.2
7,3,shrubs_dead,50,1.2
7,3,shrubs_dead,50,1
7,4,shrubs_dead,0,0
7,4,shrubs_dead,0,0
8,1,shrubs,45,0.4
8,1,shrubs,25,1.1
8,2,shrubs,55,1.8
8,2,shrubs,35,1.8
8,3,shrubs,35,1.8
8,3,shrubs,60,1.8
8,4,shrubs,70,1.5
8,4,shrubs,75,1.5
8,1,herbs,55,0.1
8,1,herbs,35,0.1
8,2,herbs,45,0.2
8,2,herbs,10,0.15
8,3,herbs,40,0.25
8,3,herbs,40,0.25
8,4,herbs,55,0.1
8,4,herbs,50,0.15
8,1,shrubs_dead,0,0
8,1,shrubs_dead,0,0
8,2,shrubs_dead,0,0
8,2,shrubs_dead,15,1.8
8,3,shrubs_dead,10,1.8
8,3,shrubs_dead,0,0
8,4,shrubs_dead,0,0
8,4,shrubs_dead,0,0
9,1,shrubs,70,1.8
9,1,shrubs,80,1.8
9,2,shrubs,70,1.8
9,2,shrubs,80,1.8
9,3,shrubs,85,1.8
9,3,shrubs,70,1.8
9,4,shrubs,75,1.8
9,4,shrubs,75,1.8
9,1,herbs,60,0.15
9,1,herbs,10,0.1
9,2,herbs,15,0.15
9,2,herbs,65,0.2
9,3,herbs,5,0.1
9,3,herbs,15,0.1
9,4,herbs,65,0.2
9,4,herbs,40,0.2
9,1,shrubs_dead,0,0
9,1,shrubs_dead,0,0
9,2,shrubs_dead,0,0
9,2,shrubs_dead,0,0
9,3,shrubs_dead,5,1.6
9,3,shrubs_dead,0,0
9,4,shrubs_dead,0,0
9,4,shrubs_dead,10,1.5
10,1,shrubs,15,1.8
10,1,shrubs,50,1.8
10,2,shrubs,80,1.8
10,2,shrubs,70,1.8
10,3,shrubs,45,1.8
10,3,shrubs,60,1.8
10,4,shrubs,75,1.8
10,4,shrubs,70,1.8
10,1,herbs,15,0.15
10,1,herbs,65,0.15
10,2,herbs,30,0.1
10,2,herbs,5,0.1
10,3,herbs,15,0.1
10,3,herbs,45,0.25
10,4,herbs,10,0.05
10,4,herbs,20,0.07
10,1,shrubs_dead,0,0
10,1,shrubs_dead,0,0
10,2,shrubs_dead,0,0
10,2,shrubs_dead,0,0
10,3,shrubs_dead,0,0
10,3,shrubs_dead,0,0
10,4,shrubs_dead,10,1.5
10,4,shrubs_dead,0,0
11,1,shrubs,70,0.7
11,1,shrubs,50,1.8
11,2,shrubs,75,1.8
11,2,shrubs,70,1.8
11,3,shrubs,90,1.8
11,3,shrubs,80,1.8
11,4,shrubs,70,1.5
11,4,shrubs,50,1.6
11,1,herbs,10,0.1
11,1,herbs,5,0.05
11,2,herbs,3,0.05
11,2,herbs,7,0.15
11,3,herbs,0,0
11,3,herbs,15,0.1
11,4,herbs,15,0.15
11,4,herbs,40,0.3
11,1,shrubs_dead,0,0
11,1,shrubs_dead,0,0
11,2,shrubs_dead,0,0
11,2,shrubs_dead,0,0
11,3,shrubs_dead,0,0
11,3,shrubs_dead,0,0
11,4,shrubs_dead,0,0
11,4,shrubs_dead,0,0
12,1,shrubs,65,1.8
12,1,shrubs,70,1.8
12,2,shrubs,50,1.8
12,2,shrubs,30,1.8
12,3,shrubs,30,1.8
12,3,shrubs,80,1.5
12,4,shrubs,30,1.7
12,4,shrubs,10,1.8
12,1,herbs,40,0.2
12,1,herbs,15,0.2
12,2,herbs,20,0.2
12,2,herbs,50,0.3
12,3,herbs,50,0.3
12,3,herbs,5,0.2
12,4,herbs,70,0.15
12,4,herbs,30,0.15
12,1,shrubs_dead,0,0
12,1,shrubs_dead,0,0
12,2,shrubs_dead,0,0
12,2,shrubs_dead,0,0
12,3,shrubs_dead,0,0
12,3,shrubs_dead,0,0
12,4,shrubs_dead,0,0
12,4,shrubs_dead,0,0
13,1,shrubs,5,0.3
13,1,shrubs,70,1.3
13,2,shrubs,80,1.8
13,2,shrubs,70,1.8
13,3,shrubs,65,1.7
13,3,shrubs,70,1.8
13,4,shrubs,80,1.8
13,4,shrubs,80,1.8
13,1,herbs,25,0.15
13,1,herbs,5,0.1
13,2,herbs,50,0.4
13,2,herbs,15,0.1
13,3,herbs,40,0.2
13,3,herbs,55,0.3
13,4,herbs,40,0.1
13,4,herbs,50,0.25
13,1,shrubs_dead,0,0
13,1,shrubs_dead,0,0
13,2,shrubs_dead,0,0
13,2,shrubs_dead,0,0
13,3,shrubs_dead,0,0
13,3,shrubs_dead,0,0
13,4,shrubs_dead,0,0
13,4,shrubs_dead,2,1.8
14,1,shrubs,90,1.8
14,1,shrubs,60,1.8
14,2,shrubs,85,1.8
14,2,shrubs,75,1.8
14,3,shrubs,40,1
14,3,shrubs,50,1.8
14,4,shrubs,80,1.8
14,4,shrubs,80,1.8
14,1,herbs,3,0.05
14,1,herbs,10,0.1
14,2,herbs,7,0.1
14,2,herbs,12,0.1
14,3,herbs,15,0.15
14,3,herbs,25,0.15
14,4,herbs,15,0.15
14,4,herbs,40,0.25
14,1,shrubs_dead,35,0.5
14,1,shrubs_dead,45,0.8
14,2,shrubs_dead,0,0
14,2,shrubs_dead,35,1.7
14,3,shrubs_dead,40,1
14,3,shrubs_dead,30,1.5
14,4,shrubs_dead,0,0
14,4,shrubs_dead,0,0
15,1,shrubs,55,0.9
15,1,shrubs,10,0.5
15,2,shrubs,50,1.8
15,2,shrubs,90,1.8
15,3,shrubs,30,1.8
15,3,shrubs,50,1.8
15,4,shrubs,30,1.5
15,4,shrubs,90,1.8
15,1,herbs,15,0.1
15,1,herbs,85,0.1
15,2,herbs,5,0.2
15,2,herbs,5,0.1
15,3,herbs,20,0.15
15,3,herbs,20,0.1
15,4,herbs,5,0.07
15,4,herbs,0,0
15,1,shrubs_dead,0,0
15,1,shrubs_dead,0,0
15,2,shrubs_dead,0,0
15,2,shrubs_dead,0,0
15,3,shrubs_dead,0,0
15,3,shrubs_dead,0,0
15,4,shrubs_dead,0,0
15,4,shrubs_dead,0,0
16,1,shrubs,70,1.8
16,1,shrubs,60,1.5
16,2,shrubs,50,1.5
16,2,shrubs,70,1.8
16,3,shrubs,80,1.4
16,3,shrubs,50,1.8
16,4,shrubs,70,1
16,4,shrubs,80,1.8
16,1,herbs,5,0.1
16,1,herbs,15,0.07
16,2,herbs,5,0.1
16,2,herbs,10,0.3
16,3,herbs,0,0
16,3,herbs,30,0.2
16,4,herbs,10,0.1
16,4,herbs,2,0.07
16,1,shrubs_dead,0,0
16,1,shrubs_dead,0,0
16,2,shrubs_dead,0,0
16,2,shrubs_dead,0,0
16,3,shrubs_dead,0,0
16,3,shrubs_dead,0,0
16,4,shrubs_dead,0,0
16,4,shrubs_dead,0,0
17,1,shrubs,0,0
17,1,shrubs,0,0
17,2,shrubs,80,1.8
17,2,shrubs,30,1.5
17,3,shrubs,0,0.8
17,3,shrubs,35,1.8
17,4,shrubs,60,1.5
17,4,shrubs,15,1.1
17,1,herbs,80,0.25
17,1,herbs,5,0.1
17,2,herbs,5,0.1
17,2,herbs,2,0.05
17,3,herbs,100,0.5
17,3,herbs,40,0.1
17,4,herbs,20,0.4
17,4,herbs,50,0.5
17,1,shrubs_dead,0,0
17,1,shrubs_dead,0,0
17,2,shrubs_dead,0,0
17,2,shrubs_dead,20,1.5
17,3,shrubs_dead,10,0.8
17,3,shrubs_dead,7,1.8
17,4,shrubs_dead,0,0
17,4,shrubs_dead,15,1.1
19,1,shrubs,5,1.8
19,1,shrubs,80,1.8
19,2,shrubs,30,1.5
19,2,shrubs,45,1.4
19,3,shrubs,85,1.8
19,3,shrubs,70,1.8
19,4,shrubs,30,1.5
19,4,shrubs,85,1.8
19,1,herbs,45,0.3
19,1,herbs,35,0.2
19,2,herbs,25,0.3
19,2,herbs,80,0.3
19,3,herbs,20,0.15
19,3,herbs,30,0.2
19,4,herbs,5,0.4
19,4,herbs,0,0
19,1,shrubs_dead,0,0
19,1,shrubs_dead,0,0
19,2,shrubs_dead,0,0
19,2,shrubs_dead,0,0
19,3,shrubs_dead,0,0
19,3,shrubs_dead,5,1.8
19,4,shrubs_dead,0,0
19,4,shrubs_dead,0,0
20,1,shrubs,80,1.8
20,1,shrubs,70,1.8
20,2,shrubs,10,0.5
20,2,shrubs,20,1.8
20,3,shrubs,70,1.8
20,3,shrubs,45,1.8
20,4,shrubs,80,1.8
20,4,shrubs,67,1.8
20,1,herbs,5,0.1
20,1,herbs,3,0.05
20,2,herbs,15,0.05
20,2,herbs,5,0.1
20,3,herbs,15,0.1
20,3,herbs,30,0.2
20,4,herbs,1,0.05
20,4,herbs,15,0.1
20,1,shrubs_dead,0,0
20,1,shrubs_dead,0,0
20,2,shrubs_dead,0,0
20,2,shrubs_dead,0,0
20,3,shrubs_dead,0,0
20,3,shrubs_dead,0,0
20,4,shrubs_dead,0,0
20,4,shrubs_dead,0,0
21,1,shrubs,70,1.6
21,1,shrubs,75,1.5
21,2,shrubs,40,1.8
21,2,shrubs,45,1.8
21,3,shrubs,70,1.8
21,3,shrubs,80,1.7
21,4,shrubs,65,1.5
21,4,shrubs,45,1.5
21,1,herbs,10,0.1
21,1,herbs,65,0.05
21,2,herbs,15,0.05
21,2,herbs,35,0.1
21,3,herbs,45,0.1
21,3,herbs,55,0.2
21,4,herbs,15,0.07
21,4,herbs,15,0.1
21,1,shrubs_dead,0,0
21,1,shrubs_dead,0,0
21,2,shrubs_dead,0,0
21,2,shrubs_dead,5,1.8
21,3,shrubs_dead,0,0
21,3,shrubs_dead,0,0
21,4,shrubs_dead,0,0
21,4,shrubs_dead,0,0
22,1,shrubs,45,0.5
22,1,shrubs,60,1.8
22,2,shrubs,40,1.6
22,2,shrubs,85,1.8
22,3,shrubs,60,1.8
22,3,shrubs,50,1.7
22,4,shrubs,45,1.8
22,4,shrubs,40,1.8
22,1,herbs,50,0.15
22,1,herbs,5,0.1
22,2,herbs,15,0.1
22,2,herbs,1,0.1
22,3,herbs,15,0.1
22,3,herbs,15,0.1
22,4,herbs,20,0.15
22,4,herbs,40,0.4
22,1,shrubs_dead,0,0
22,1,shrubs_dead,0,0
22,2,shrubs_dead,0,0
22,2,shrubs_dead,0,0
22,3,shrubs_dead,0,0
22,3,shrubs_dead,0,0
22,4,shrubs_dead,0,0
22,4,shrubs_dead,0,0
23,1,shrubs,3,0.4
23,1,shrubs,30,0.5
23,2,shrubs,40,0.4
23,2,shrubs,70,1.8
23,3,shrubs,0,0
23,3,shrubs,90,1.8
23,4,shrubs,90,1.8
23,4,shrubs,90,1.8
23,1,herbs,35,0.1
23,1,herbs,35,0.15
23,2,herbs,15,0.1
23,2,herbs,20,0.15
23,3,herbs,25,0.1
23,3,herbs,5,0.15
23,4,herbs,35,0.1
23,4,herbs,45,0.15
23,1,shrubs_dead,0,0
23,1,shrubs_dead,0,0
23,2,shrubs_dead,0,0
23,2,shrubs_dead,0,0
23,3,shrubs_dead,0,0
23,3,shrubs_dead,30,1.5
23,4,shrubs_dead,0,0
23,4,shrubs_dead,5,1.8
24,1,shrubs,80,1.8
24,1,shrubs,5,1.5
24,2,shrubs,30,0.9
24,2,shrubs,5,0.3
24,3,shrubs,70,1.7
24,3,shrubs,75,1.8
24,4,shrubs,50,1.8
24,4,shrubs,30,1.5
24,1,herbs,10,0.1
24,1,herbs,5,0.1
24,2,herbs,60,0.05
24,2,herbs,70,0.01
24,3,herbs,80,0.2
24,3,herbs,5,0.1
24,4,herbs,75,0.2
24,4,herbs,55,0.3
24,1,shrubs_dead,0,0
24,1,shrubs_dead,0,0
24,2,shrubs_dead,0,0
24,2,shrubs_dead,0,0
24,3,shrubs_dead,0,0
24,3,shrubs_dead,0,0
24,4,shrubs_dead,0,0
24,4,shrubs_dead,0,0
25,1,shrubs,0,0
25,1,shrubs,50,0.5
25,2,shrubs,60,1.8
25,2,shrubs,55,1.8
25,3,shrubs,80,1.8
25,3,shrubs,65,1.6
25,4,shrubs,70,1.7
25,4,shrubs,60,1.8
25,1,herbs,10,0.1
25,1,herbs,5,0.1
25,2,herbs,10,0.1
25,2,herbs,15,0.25
25,3,herbs,25,0.2
25,3,herbs,15,0.15
25,4,herbs,20,0.3
25,4,herbs,70,0.2
25,1,shrubs_dead,0,0
25,1,shrubs_dead,0,0
25,2,shrubs_dead,0,0
25,2,shrubs_dead,0,0
25,3,shrubs_dead,0,0
25,3,shrubs_dead,0,0
25,4,shrubs_dead,0,0
25,4,shrubs_dead,0,0
26,1,shrubs,15,0.4
26,1,shrubs,3,0.6
26,2,shrubs,75,1.8
26,2,shrubs,90,1.8
26,3,shrubs,0,0
26,3,shrubs,0,0
26,4,shrubs,70,1.8
26,4,shrubs,80,1.8
26,1,herbs,35,0.15
26,1,herbs,70,0.1
26,2,herbs,5,0.05
26,2,herbs,20,0.1
26,3,herbs,5,0.05
26,3,herbs,5,0.1
26,4,herbs,20,0.1
26,4,herbs,20,0.1
26,1,shrubs_dead,0,0
26,1,shrubs_dead,0,0
26,2,shrubs_dead,0,0
26,2,shrubs_dead,20,0.6
26,3,shrubs_dead,0,0
26,3,shrubs_dead,0,0
26,4,shrubs_dead,0,0
26,4,shrubs_dead,0,0
27,1,shrubs,70,1.8
27,1,shrubs,85,1.8
27,2,shrubs,65,1.8
27,2,shrubs,90,1.8
27,3,shrubs,70,1.8
27,3,shrubs,20,0.9
27,4,shrubs,15,0.6
27,4,shrubs,60,1.8
27,1,herbs,40,0.15
27,1,herbs,45,0.2
27,2,herbs,60,0.2
27,2,herbs,5,0.2
27,3,herbs,70,0.1
27,3,herbs,30,0.15
27,4,herbs,15,0.15
27,4,herbs,45,0.1
27,1,shrubs_dead,0,0
27,1,shrubs_dead,0,0
27,2,shrubs_dead,10,1.8
27,2,shrubs_dead,10,1.8
27,3,shrubs_dead,15,1.8
27,3,shrubs_dead,10,1.8
27,4,shrubs_dead,0,0
27,4,shrubs_dead,5,1.8
28,1,shrubs,85,1.8
28,1,shrubs,40,1
28,2,shrubs,20,1.6
28,2,shrubs,5,1.5
28,3,shrubs,40,1.8
28,3,shrubs,75,1.2
28,4,shrubs,80,1.8
28,4,shrubs,80,1.8
28,1,herbs,20,0.1
28,1,herbs,70,0.5
28,2,herbs,40,0.3
28,2,herbs,30,0.4
28,3,herbs,60,0.4
28,3,herbs,15,0.25
28,4,herbs,50,0.2
28,4,herbs,50,0.2
28,1,shrubs_dead,0,0
28,1,shrubs_dead,0,0
28,2,shrubs_dead,0,0
28,2,shrubs_dead,0,0
28,3,shrubs_dead,0,0
28,3,shrubs_dead,0,0
28,4,shrubs_dead,0,0
28,4,shrubs_dead,0,0
29,1,shrubs,30,1.8
29,1,shrubs,60,1.8
29,2,shrubs,70,1.7
29,2,shrubs,40,1.8
29,3,shrubs,80,1.8
29,3,shrubs,70,1.8
29,4,shrubs,10,1.8
29,4,shrubs,70,1.5
29,1,herbs,60,0.3
29,1,herbs,70,0.3
29,2,herbs,30,0.2
29,2,herbs,20,0.3
29,3,herbs,60,0.25
29,3,herbs,90,0.2
29,4,herbs,70,0.4
29,4,herbs,50,3
29,1,shrubs_dead,5,1.8
29,1,shrubs_dead,0,0
29,2,shrubs_dead,5,1.8
29,2,shrubs_dead,2,1.8
29,3,shrubs_dead,1,1.8
29,3,shrubs_dead,2,1.8
29,4,shrubs_dead,0,0
29,4,shrubs_dead,0,0
205519,1,shrubs,75,1.8
205519,1,shrubs,80,1.8
205519,2,shrubs,80,1.8
205519,2,shrubs,85,1.8
205519,3,shrubs,80,1.8
205519,3,shrubs,80,1.8
205519,4,shrubs,80,1.8
205519,4,shrubs,75,1.8
205519,1,herbs,5,0.15
205519,1,herbs,5,0.2
205519,2,herbs,55,0.2
205519,2,herbs,5,0.1
205519,3,herbs,25,0.1
205519,3,herbs,15,0.2
205519,4,herbs,35,0.2
205519,4,herbs,2,0.1
205519,1,shrubs_dead,10,0.3
205519,1,shrubs_dead,40,0.5
205519,2,shrubs_dead,0,0
205519,2,shrubs_dead,40,1.2
205519,3,shrubs_dead,30,1.1
205519,3,shrubs_dead,5,1.8
205519,4,shrubs_dead,0,0
205519,4,shrubs_dead,50,1
205517,1,shrubs,60,1.8
205517,1,shrubs,75,1.8
205517,2,shrubs,65,1.8
205517,2,shrubs,85,1.8
205517,3,shrubs,45,1.8
205517,3,shrubs,65,1.8
205517,4,shrubs,80,1.8
205517,4,shrubs,75,1.8
205517,1,herbs,5,0.1
205517,1,herbs,15,0.15
205517,2,herbs,30,0.15
205517,2,herbs,5,0.1
205517,3,herbs,5,0.1
205517,3,herbs,20,0.2
205517,4,herbs,5,0.2
205517,4,herbs,10,0.25
205517,1,shrubs_dead,15,0.8
205517,1,shrubs_dead,45,1.4
205517,2,shrubs_dead,0,0
205517,2,shrubs_dead,5,1.3
205517,3,shrubs_dead,15,1
205517,3,shrubs_dead,10,1
205517,4,shrubs_dead,15,1.6
205517,4,shrubs_dead,70,1.7
